batch_id,timestamp,granulation_time,binder_amount,drying_temp,drying_time,compression_force,machine_speed,energy_consumption,yield_pct,quality_pct,performance_score
BATCH_1000,2026-03-23 22:13:30,44.97,8.8,53.25,36.84,15.68,35.76,148.73,80.59,72.01,60.33
BATCH_1001,2026-03-24 02:13:30,38.62,7.85,58.55,57.79,19.84,35.47,235.35,95.05,89.06,69.99
BATCH_1002,2026-03-24 06:13:30,46.48,6.12,52.08,66.73,20.09,22.04,218.28,98.09,86.23,70.66
BATCH_1003,2026-03-24 10:13:30,55.23,4.71,56.92,112.75,22.36,36.7,405.95,96.03,74.33,58.7
BATCH_1004,2026-03-24 14:13:30,37.66,7.4,41.06,86.13,13.17,47.33,242.31,80.97,72.85,57.64
BATCH_1005,2026-03-24 18:13:30,37.66,6.79,62.13,48.29,22.96,27.26,231.48,95.37,82.39,67.59
BATCH_1006,2026-03-24 22:13:30,55.79,7.79,60.01,84.72,6.48,50.48,303.46,73.52,94.89,61.4
BATCH_1007,2026-03-25 02:13:30,47.67,7.27,51.83,44.05,16.85,44.88,174.71,91.26,75.25,65.02
BATCH_1008,2026-03-25 06:13:30,35.31,8.1,66.59,96.65,17.56,32.66,402.45,87.68,75.09,55.78
BATCH_1009,2026-03-25 10:13:30,45.43,4.93,69.38,65.58,23.17,38.58,309.14,94.66,82.2,64.59
BATCH_1010,2026-03-25 14:13:30,35.37,8.63,43.92,73.13,20.11,55.98,267.49,90.98,77.55,62.67
BATCH_1011,2026-03-25 18:13:30,35.34,6.4,52.37,101.52,12.97,47.34,339.33,85.44,74.31,56.72
BATCH_1012,2026-03-25 22:13:30,42.42,10.15,52.31,49.26,15.08,40.09,201.38,84.0,79.74,63.0
BATCH_1013,2026-03-26 02:13:30,20.87,4.62,50.6,47.06,20.99,37.62,209.09,93.65,70.25,62.8
BATCH_1014,2026-03-26 06:13:30,22.75,9.47,68.29,63.33,19.6,40.77,298.75,90.59,88.23,65.72
BATCH_1015,2026-03-26 10:13:30,34.38,6.4,58.06,95.77,17.1,34.88,330.02,89.59,87.83,64.1
BATCH_1016,2026-03-26 14:13:30,29.87,4.7,57.35,44.61,17.6,18.95,202.23,86.08,81.55,64.53
BATCH_1017,2026-03-26 18:13:30,43.14,5.03,39.96,20.0,23.48,60.42,285.49,99.9,50.0,54.61
BATCH_1018,2026-03-26 22:13:30,30.92,5.36,66.35,65.98,17.41,41.55,644.52,90.26,86.43,53.12
BATCH_1019,2026-03-27 02:13:30,25.88,6.85,47.61,86.03,19.56,43.98,301.01,95.21,78.95,63.78
BATCH_1020,2026-03-27 06:13:30,54.66,7.05,60.6,99.01,30.85,39.42,428.34,80.12,86.3,56.36
BATCH_1021,2026-03-27 10:13:30,37.74,4.85,62.77,65.74,12.88,32.65,264.83,83.27,93.0,65.86
BATCH_1022,2026-03-27 14:13:30,40.68,5.95,73.61,66.77,10.74,38.14,336.23,78.53,81.55,56.96
BATCH_1023,2026-03-27 18:13:30,25.75,10.28,46.91,98.08,23.92,24.01,284.73,84.07,70.3,56.42
BATCH_1024,2026-03-27 22:13:30,34.56,9.46,30.0,37.61,16.61,62.77,152.31,88.94,50.0,54.75
BATCH_1025,2026-03-28 02:13:30,41.11,6.87,61.84,67.23,18.41,27.65,270.9,91.18,89.74,67.51
BATCH_1026,2026-03-28 06:13:30,28.49,6.08,78.01,78.81,16.09,29.68,375.91,89.7,77.07,58.28
BATCH_1027,2026-03-28 10:13:30,43.76,6.24,72.39,83.98,18.7,35.6,356.52,93.05,78.25,60.76
BATCH_1028,2026-03-28 14:13:30,33.99,7.23,62.1,64.8,27.99,52.88,307.14,90.97,91.95,67.08
BATCH_1029,2026-03-28 18:13:30,37.08,3.95,55.08,75.69,24.01,40.15,295.31,91.09,90.38,66.9
BATCH_1030,2026-03-28 22:13:30,33.98,5.49,68.07,25.23,24.31,27.64,132.12,83.34,62.39,58.15
BATCH_1031,2026-03-29 02:13:30,58.52,2.66,50.26,61.84,12.92,52.54,232.6,73.17,80.31,57.84
BATCH_1032,2026-03-29 06:13:30,39.87,6.8,64.76,84.07,14.24,47.31,353.62,82.66,89.43,61.17
BATCH_1033,2026-03-29 10:13:30,29.42,7.29,65.05,55.35,5.8,45.38,202.48,71.64,81.19,58.6
BATCH_1034,2026-03-29 14:13:30,48.23,5.03,70.6,76.18,15.95,47.16,331.82,89.82,84.39,62.76
BATCH_1035,2026-03-29 18:13:30,27.79,9.15,87.6,83.94,24.78,63.94,509.35,88.34,62.78,47.49
BATCH_1036,2026-03-29 22:13:30,42.09,3.55,63.92,68.15,22.58,61.85,363.55,87.0,93.52,64.2
BATCH_1037,2026-03-30 02:13:30,20.4,3.07,54.91,78.41,18.89,33.13,250.13,88.04,91.76,67.77
BATCH_1038,2026-03-30 06:13:30,26.72,6.45,59.74,55.75,19.89,56.24,281.67,90.83,86.03,65.53
BATCH_1039,2026-03-30 10:13:30,41.97,8.09,42.31,70.87,16.56,43.83,241.21,85.53,73.41,59.73
BATCH_1040,2026-03-30 14:13:30,47.38,9.37,53.05,87.2,21.02,44.99,654.98,86.24,86.79,51.31
BATCH_1041,2026-03-30 18:13:30,41.71,5.08,55.91,78.14,23.83,23.08,301.56,92.67,94.85,69.11
BATCH_1042,2026-03-30 22:13:30,38.84,8.16,54.76,63.27,11.92,38.3,262.2,83.86,84.3,62.7
BATCH_1043,2026-03-31 02:13:30,36.99,5.92,61.52,79.48,21.5,31.87,312.48,96.18,97.2,71.08
BATCH_1044,2026-03-31 06:13:30,25.21,5.65,51.78,89.29,24.66,48.28,340.67,87.01,80.97,59.96
BATCH_1045,2026-03-31 10:13:30,32.8,7.77,71.21,34.0,17.92,50.71,203.93,95.84,66.28,62.27
BATCH_1046,2026-03-31 14:13:30,35.39,7.3,60.0,98.18,23.5,19.26,348.49,99.9,84.17,66.14
BATCH_1047,2026-03-31 18:13:30,50.57,2.85,59.91,68.27,34.07,39.78,361.22,71.32,97.07,59.43
BATCH_1048,2026-03-31 22:13:30,43.44,8.95,56.72,83.51,19.48,51.22,318.19,91.64,88.52,65.6
BATCH_1049,2026-04-01 02:13:30,22.37,8.76,61.55,98.94,21.97,38.13,369.79,94.41,84.8,63.46
BATCH_1050,2026-04-01 06:13:30,43.24,4.75,68.25,47.57,16.31,47.29,266.3,82.13,74.88,58.1
BATCH_1051,2026-04-01 10:13:30,36.15,6.79,51.33,60.81,20.91,43.51,262.22,97.6,85.44,68.66
BATCH_1052,2026-04-01 14:13:30,33.23,6.99,53.42,69.23,22.3,43.42,273.54,99.9,92.62,72.06
BATCH_1053,2026-04-01 18:13:30,46.12,6.52,56.96,59.32,20.97,37.29,267.4,89.37,87.96,66.19
BATCH_1054,2026-04-01 22:13:30,50.31,4.9,46.54,109.7,14.9,27.83,318.73,86.14,65.01,53.98
BATCH_1055,2026-04-02 02:13:30,49.31,4.66,51.81,57.86,21.03,28.78,245.48,95.04,82.85,67.16
BATCH_1056,2026-04-02 06:13:30,31.61,5.95,55.24,63.89,27.31,47.09,296.27,84.62,89.91,64.09
BATCH_1057,2026-04-02 10:13:30,36.91,8.35,68.74,79.09,22.24,40.19,377.2,96.1,85.34,64.11
BATCH_1058,2026-04-02 14:13:30,43.31,7.09,62.63,50.96,24.81,38.61,297.49,93.8,82.7,64.84
BATCH_1059,2026-04-02 18:13:30,49.76,5.26,61.94,67.09,18.81,35.76,295.43,88.29,93.0,66.83
BATCH_1060,2026-04-02 22:13:30,35.21,7.54,68.51,81.35,23.75,36.95,367.2,91.04,84.05,61.91
BATCH_1061,2026-04-03 02:13:30,38.14,1.0,58.63,68.34,21.4,50.47,316.63,86.09,96.37,66.58
BATCH_1062,2026-04-03 06:13:30,28.94,8.3,63.9,73.13,15.25,36.65,445.79,80.71,94.09,59.12
BATCH_1063,2026-04-03 10:13:30,28.04,2.52,58.97,64.41,21.59,26.59,285.68,94.84,89.17,68.25
BATCH_1064,2026-04-03 14:13:30,48.13,5.28,62.65,44.71,15.04,47.44,223.91,81.83,80.53,61.69
BATCH_1065,2026-04-03 18:13:30,53.56,3.76,54.17,81.43,16.84,37.95,294.37,86.29,88.54,64.28
BATCH_1066,2026-04-03 22:13:30,39.28,3.41,35.61,110.1,20.95,40.31,270.7,85.12,50.0,49.2
BATCH_1067,2026-04-04 02:13:30,50.04,8.32,58.66,75.37,21.49,56.08,358.91,94.16,99.9,69.78
BATCH_1068,2026-04-04 06:13:30,43.62,5.06,74.23,79.51,14.05,39.79,374.63,84.23,78.08,56.54
BATCH_1069,2026-04-04 10:13:30,33.55,6.69,69.26,88.85,25.27,42.89,403.74,90.49,77.63,57.88
BATCH_1070,2026-04-04 14:13:30,43.61,5.91,69.65,49.61,22.86,28.21,254.83,91.84,75.37,62.58
BATCH_1071,2026-04-04 18:13:30,55.38,6.95,72.36,109.05,16.48,37.8,449.44,87.7,65.42,50.33
BATCH_1072,2026-04-04 22:13:30,39.64,6.15,60.89,79.05,12.31,46.1,308.64,84.86,97.88,66.96
BATCH_1073,2026-04-05 02:13:30,55.65,3.43,61.97,107.64,19.28,24.45,809.05,88.23,81.69,44.83
BATCH_1074,2026-04-05 06:13:30,15.0,7.99,53.82,60.34,17.77,42.01,255.21,89.68,83.49,64.94
BATCH_1075,2026-04-05 10:13:30,48.22,5.01,56.84,111.36,20.57,41.01,614.91,92.0,75.43,50.43
BATCH_1076,2026-04-05 14:13:30,40.87,2.89,66.16,90.5,18.18,40.41,359.42,81.8,81.62,57.5
BATCH_1077,2026-04-05 18:13:30,37.01,5.14,72.04,86.06,9.96,50.37,355.21,82.28,75.88,55.54
BATCH_1078,2026-04-05 22:13:30,40.92,9.0,58.61,79.68,18.06,43.34,296.51,87.08,95.12,67.15
BATCH_1079,2026-04-06 02:13:30,20.12,7.7,55.5,70.03,18.47,54.78,562.87,92.18,88.73,57.59
BATCH_1080,2026-04-06 06:13:30,37.8,5.3,60.01,99.01,23.17,30.06,394.91,95.37,87.67,64.15
BATCH_1081,2026-04-06 10:13:30,43.57,5.3,66.01,77.81,16.51,41.36,338.02,88.59,88.58,63.73
BATCH_1082,2026-04-06 14:13:30,54.78,5.36,45.56,35.66,28.39,40.84,219.72,85.77,61.59,55.82
BATCH_1083,2026-04-06 18:13:30,34.82,10.15,37.04,52.66,10.44,29.31,141.41,85.16,59.38,57.36
BATCH_1084,2026-04-06 22:13:30,31.92,6.76,54.49,71.28,26.56,49.56,530.89,92.8,89.69,59.31
BATCH_1085,2026-04-07 02:13:30,34.98,6.86,47.79,81.2,18.88,63.25,302.05,95.67,84.46,66.14
BATCH_1086,2026-04-07 06:13:30,49.15,8.06,54.92,73.87,24.3,39.83,300.18,90.83,94.58,68.32
BATCH_1087,2026-04-07 10:13:30,43.29,6.48,58.52,99.38,20.4,45.05,362.74,96.97,84.83,64.74
BATCH_1088,2026-04-07 14:13:30,34.7,5.48,55.47,35.98,25.7,40.85,205.07,90.06,77.42,64.38
BATCH_1089,2026-04-07 18:13:30,45.13,5.61,74.52,77.87,18.06,32.86,359.62,84.68,78.47,57.39
BATCH_1090,2026-04-07 22:13:30,40.97,5.86,63.27,38.64,14.51,21.79,179.19,81.49,75.16,60.92
BATCH_1091,2026-04-08 02:13:30,49.69,5.93,63.0,90.19,27.1,32.94,381.8,85.49,87.14,60.43
BATCH_1092,2026-04-08 06:13:30,32.98,7.46,66.22,73.11,19.43,26.08,296.67,94.74,92.83,69.3
BATCH_1093,2026-04-08 10:13:30,36.72,6.1,48.61,83.39,21.11,57.04,304.31,93.24,78.38,62.66
BATCH_1094,2026-04-08 14:13:30,36.08,7.47,70.39,57.72,26.17,38.85,303.62,91.51,73.82,60.16
BATCH_1095,2026-04-08 18:13:30,25.36,5.84,59.24,100.59,14.84,36.54,365.1,85.53,85.0,60.15
BATCH_1096,2026-04-08 22:13:30,42.96,6.16,66.7,95.83,22.98,48.89,413.83,93.62,79.52,59.54
BATCH_1097,2026-04-09 02:13:30,42.61,2.0,49.28,86.67,17.05,28.78,511.11,82.37,79.9,51.89
BATCH_1098,2026-04-09 06:13:30,40.05,7.83,44.46,72.41,19.34,32.33,234.52,87.86,78.0,62.73
BATCH_1099,2026-04-09 10:13:30,37.65,6.69,68.18,86.6,20.36,40.68,369.53,95.41,83.63,63.41
BATCH_1100,2026-04-09 14:13:30,25.85,8.0,63.76,60.86,12.5,50.29,248.43,79.9,87.48,62.86
BATCH_1101,2026-04-09 18:13:30,35.79,1.0,50.98,92.11,16.11,45.02,314.15,72.79,77.81,53.91
BATCH_1102,2026-04-09 22:13:30,36.57,10.18,51.3,107.99,26.76,42.48,369.23,81.42,67.38,51.32
BATCH_1103,2026-04-10 02:13:30,31.98,5.72,71.25,96.41,24.43,40.78,444.43,96.02,77.59,58.69
BATCH_1104,2026-04-10 06:13:30,38.39,8.22,48.11,60.41,19.69,44.0,220.36,90.76,77.64,64.22
BATCH_1105,2026-04-10 10:13:30,44.04,3.92,76.43,82.23,21.22,42.02,423.5,88.11,78.03,56.42
BATCH_1106,2026-04-10 14:13:30,58.86,7.23,50.99,49.14,18.53,29.7,233.81,89.67,72.08,61.1
BATCH_1107,2026-04-10 18:13:30,41.75,3.89,66.38,86.45,26.78,40.46,381.59,87.95,86.79,61.28
BATCH_1108,2026-04-10 22:13:30,42.58,4.75,56.71,84.01,19.0,29.26,312.01,90.97,93.44,67.51
BATCH_1109,2026-04-11 02:13:30,39.26,9.83,66.03,37.6,21.16,40.81,201.96,88.1,71.79,61.44
BATCH_1110,2026-04-11 06:13:30,20.81,5.62,54.56,51.76,25.73,35.19,239.67,91.93,77.36,63.92
BATCH_1111,2026-04-11 10:13:30,39.73,6.43,58.37,69.34,16.11,65.39,287.55,88.94,92.89,67.31
BATCH_1112,2026-04-11 14:13:30,40.6,7.74,60.41,68.98,27.79,39.6,323.92,83.1,95.09,64.62
BATCH_1113,2026-04-11 18:13:30,64.63,6.99,49.98,50.81,12.35,25.96,171.83,83.65,74.06,61.59
BATCH_1114,2026-04-11 22:13:30,38.08,6.3,67.41,82.78,28.15,38.66,381.99,89.56,83.39,60.55
BATCH_1115,2026-04-12 02:13:30,43.02,6.73,54.87,80.03,18.14,45.19,291.17,94.3,92.08,69.0
BATCH_1116,2026-04-12 06:13:30,39.65,10.81,57.71,71.11,18.79,56.73,322.64,84.57,94.54,65.03
BATCH_1117,2026-04-12 10:13:30,28.31,5.88,50.06,59.88,10.55,34.11,180.27,82.59,80.42,63.43
BATCH_1118,2026-04-12 14:13:30,51.43,6.4,34.38,95.97,17.73,24.18,465.96,91.14,60.1,49.01
BATCH_1119,2026-04-12 18:13:30,47.52,8.1,58.09,108.11,14.8,48.17,389.63,84.0,80.81,57.03
BATCH_1120,2026-04-12 22:13:30,47.91,8.21,84.13,65.33,16.96,26.19,332.57,84.12,63.0,51.9
BATCH_1121,2026-04-13 02:13:30,30.91,8.37,67.85,62.76,19.31,35.64,285.62,89.22,82.33,63.26
BATCH_1122,2026-04-13 06:13:30,54.03,7.28,59.81,84.82,24.79,37.42,536.31,95.4,92.57,61.32
BATCH_1123,2026-04-13 10:13:30,25.98,3.71,57.37,67.84,21.04,39.3,276.9,86.45,91.97,66.31
BATCH_1124,2026-04-13 14:13:30,45.87,9.27,60.22,72.21,21.54,46.89,344.13,93.67,96.29,68.64
BATCH_1125,2026-04-13 18:13:30,61.9,3.71,65.47,89.79,14.52,33.16,351.75,83.91,86.64,60.61
BATCH_1126,2026-04-13 22:13:30,30.09,6.61,48.19,36.81,15.6,37.26,167.82,88.12,66.36,60.44
BATCH_1127,2026-04-14 02:13:30,34.34,4.49,71.14,101.37,28.99,39.86,492.66,78.18,72.06,47.71
BATCH_1128,2026-04-14 06:13:30,41.0,5.87,67.15,76.45,16.32,41.5,319.15,86.73,89.13,63.85
BATCH_1129,2026-04-14 10:13:30,34.97,6.66,67.18,66.77,28.28,40.98,312.66,87.86,85.63,63.12
BATCH_1130,2026-04-14 14:13:30,24.49,6.64,64.38,73.22,18.78,44.36,319.14,87.55,93.12,65.77
BATCH_1131,2026-04-14 18:13:30,40.69,6.84,60.2,74.25,20.01,48.44,313.15,99.0,99.14,72.97
BATCH_1132,2026-04-14 22:13:30,29.38,9.23,66.73,40.38,25.35,43.93,266.52,92.37,67.3,59.16
BATCH_1133,2026-04-15 02:13:30,44.74,6.91,65.92,104.9,26.36,44.54,462.54,96.12,75.14,57.14
BATCH_1134,2026-04-15 06:13:30,30.81,5.51,56.46,75.83,19.45,24.18,255.04,90.07,93.51,69.12
BATCH_1135,2026-04-15 10:13:30,55.5,7.93,54.26,83.86,18.06,40.5,296.59,89.73,88.15,65.43
BATCH_1136,2026-04-15 14:13:30,32.17,8.38,61.02,94.03,19.72,44.8,389.98,87.19,89.16,61.64
BATCH_1137,2026-04-15 18:13:30,36.78,3.54,75.49,54.58,21.69,47.29,297.88,89.89,70.46,58.37
BATCH_1138,2026-04-15 22:13:30,48.14,7.19,47.61,84.47,24.46,33.08,290.51,95.14,78.81,64.06
BATCH_1139,2026-04-16 02:13:30,27.69,7.4,45.32,69.65,20.02,33.41,239.53,94.22,82.47,66.89
BATCH_1140,2026-04-16 06:13:30,42.27,5.4,61.65,91.94,23.09,34.26,360.55,92.81,91.69,65.9
BATCH_1141,2026-04-16 10:13:30,53.07,8.75,60.51,32.46,28.19,45.36,226.35,90.22,78.39,64.1
BATCH_1142,2026-04-16 14:13:30,23.93,5.7,61.73,73.02,21.91,50.34,325.32,87.13,95.51,66.35
BATCH_1143,2026-04-16 18:13:30,41.85,6.25,62.44,62.94,21.56,35.93,289.64,94.28,90.52,68.43
BATCH_1144,2026-04-16 22:13:30,42.6,5.65,57.77,83.65,12.41,49.08,320.47,80.29,89.04,61.19
BATCH_1145,2026-04-17 02:13:30,47.82,6.03,74.9,84.4,6.85,41.23,359.27,71.49,79.39,52.49
BATCH_1146,2026-04-17 06:13:30,27.63,3.81,43.99,60.85,21.94,38.76,216.64,89.4,74.22,62.43
BATCH_1147,2026-04-17 10:13:30,26.8,3.12,51.72,60.76,19.53,37.89,397.62,86.95,78.9,57.18
BATCH_1148,2026-04-17 14:13:30,45.22,9.19,58.97,72.79,17.43,47.47,281.22,88.65,96.39,68.81
BATCH_1149,2026-04-17 18:13:30,42.97,4.31,43.57,57.07,21.22,43.26,223.09,89.64,68.55,60.04
BATCH_1150,2026-04-17 22:13:30,42.5,4.02,58.24,91.84,19.7,62.76,415.98,87.42,84.37,58.93
BATCH_1151,2026-04-18 02:13:30,43.46,1.69,76.61,67.62,25.64,31.48,332.06,84.36,76.76,57.51
BATCH_1152,2026-04-18 06:13:30,33.2,4.72,60.21,20.0,20.43,45.18,139.06,86.83,71.45,62.94
BATCH_1153,2026-04-18 10:13:30,42.32,3.35,62.31,67.5,16.27,34.71,263.56,81.23,93.03,65.09
BATCH_1154,2026-04-18 14:13:30,42.93,9.28,47.4,54.23,24.95,31.31,223.34,86.82,77.4,62.45
BATCH_1155,2026-04-18 18:13:30,32.86,8.02,53.84,42.37,18.91,39.89,197.58,87.16,75.91,62.86
BATCH_1156,2026-04-18 22:13:30,58.66,4.62,56.25,50.25,22.63,41.37,593.08,92.23,80.36,53.24
BATCH_1157,2026-04-19 02:13:30,44.74,10.5,56.82,77.19,17.61,69.18,325.38,83.46,93.01,63.88
BATCH_1158,2026-04-19 06:13:30,28.09,7.96,72.82,101.57,16.75,38.16,436.37,85.77,69.1,51.47
BATCH_1159,2026-04-19 10:13:30,46.57,5.35,65.58,81.26,20.42,28.7,313.15,94.51,89.93,67.48
BATCH_1160,2026-04-19 14:13:30,30.25,1.0,48.89,62.87,20.06,42.73,239.54,82.94,80.91,61.75
BATCH_1161,2026-04-19 18:13:30,47.87,10.58,62.47,84.12,22.4,19.25,334.23,89.86,88.94,64.51
BATCH_1162,2026-04-19 22:13:30,51.59,3.22,64.98,65.82,18.66,39.08,279.2,88.3,89.43,65.95
BATCH_1163,2026-04-20 02:13:30,31.79,2.71,71.4,61.11,10.82,40.16,245.83,65.69,77.78,53.39
BATCH_1164,2026-04-20 06:13:30,49.63,8.05,75.81,51.91,17.84,47.95,313.69,93.89,68.16,58.51
BATCH_1165,2026-04-20 10:13:30,44.13,10.88,49.85,39.96,23.97,49.74,207.87,91.18,66.38,60.31
BATCH_1166,2026-04-20 14:13:30,48.22,8.77,51.89,67.2,18.51,34.96,267.29,85.29,83.43,62.75
BATCH_1167,2026-04-20 18:13:30,58.97,7.13,47.42,78.16,18.77,38.49,270.31,90.76,84.92,65.43
BATCH_1168,2026-04-20 22:13:30,37.55,7.19,57.66,73.07,24.93,32.34,291.5,96.3,97.6,72.0
BATCH_1169,2026-04-21 02:13:30,32.46,7.71,64.66,66.68,16.44,28.72,276.17,86.42,88.09,64.77
BATCH_1170,2026-04-21 06:13:30,31.1,7.52,69.87,56.09,12.29,43.1,240.6,77.99,77.82,58.5
BATCH_1171,2026-04-21 10:13:30,31.84,6.56,59.24,87.16,19.2,27.26,317.96,93.01,92.92,67.92
BATCH_1172,2026-04-21 14:13:30,39.23,6.21,56.8,48.66,17.58,35.85,202.5,81.99,79.96,62.25
BATCH_1173,2026-04-21 18:13:30,43.41,5.87,61.52,90.52,15.17,30.05,316.79,90.67,89.04,65.47
BATCH_1174,2026-04-21 22:13:30,42.77,4.49,51.65,54.96,19.12,45.5,237.97,86.59,78.85,62.44
BATCH_1175,2026-04-22 02:13:30,48.27,5.44,80.9,59.95,22.46,58.01,366.9,90.69,64.84,54.1
BATCH_1176,2026-04-22 06:13:30,40.13,2.61,43.92,45.66,19.95,26.98,161.07,83.48,65.79,58.59
BATCH_1177,2026-04-22 10:13:30,54.54,5.8,61.85,64.97,21.53,21.47,247.02,95.52,88.63,69.62
BATCH_1178,2026-04-22 14:13:30,37.35,4.02,80.24,94.51,29.07,38.75,511.8,82.32,66.54,46.5
BATCH_1179,2026-04-22 18:13:30,67.2,3.79,60.07,85.31,18.29,40.16,361.72,84.68,92.45,62.91
BATCH_1180,2026-04-22 22:13:30,46.26,6.36,58.1,94.57,21.39,42.19,384.51,93.36,84.07,62.26
BATCH_1181,2026-04-23 02:13:30,31.43,8.78,56.43,85.44,17.45,35.54,301.81,85.81,92.24,65.31
BATCH_1182,2026-04-23 06:13:30,29.29,7.84,58.2,52.93,15.77,37.99,190.64,83.86,86.49,66.01
BATCH_1183,2026-04-23 10:13:30,44.82,2.86,73.73,68.38,17.08,43.68,363.46,85.39,76.93,56.93
BATCH_1184,2026-04-23 14:13:30,37.77,4.02,37.88,59.4,17.61,50.4,201.46,86.13,62.34,56.89
BATCH_1185,2026-04-23 18:13:30,47.14,7.88,75.33,101.61,21.8,20.45,430.74,98.75,67.64,56.27
BATCH_1186,2026-04-23 22:13:30,44.73,4.04,45.76,51.06,31.75,36.31,237.67,78.61,71.41,56.28
BATCH_1187,2026-04-24 02:13:30,39.27,5.55,57.33,92.87,16.42,42.14,358.73,83.69,84.95,59.61
BATCH_1188,2026-04-24 06:13:30,31.53,7.1,55.71,92.86,17.92,30.82,318.24,91.35,82.55,63.1
BATCH_1189,2026-04-24 10:13:30,24.85,4.06,65.89,111.59,19.68,57.31,489.47,80.83,75.97,50.44
BATCH_1190,2026-04-24 14:13:30,35.53,6.21,44.02,66.81,21.98,33.65,240.21,95.81,78.13,65.76
BATCH_1191,2026-04-24 18:13:30,48.56,3.33,64.62,89.25,21.32,39.59,364.01,89.46,85.88,62.12
BATCH_1192,2026-04-24 22:13:30,42.14,4.8,80.24,120.63,26.42,45.56,591.26,86.65,50.63,39.17
BATCH_1193,2026-04-25 02:13:30,27.54,6.64,46.37,62.65,7.87,34.09,194.83,77.99,77.06,59.75
BATCH_1194,2026-04-25 06:13:30,41.73,2.81,61.9,44.3,8.07,21.53,131.17,68.9,80.01,59.46
BATCH_1195,2026-04-25 10:13:30,43.85,6.88,53.38,37.4,17.52,35.71,169.56,87.66,73.68,63.12
BATCH_1196,2026-04-25 14:13:30,31.16,5.96,64.26,89.25,25.49,50.29,383.43,90.35,90.99,63.86
BATCH_1197,2026-04-25 18:13:30,41.54,7.1,60.19,37.34,12.17,36.63,161.66,85.43,80.79,65.34
BATCH_1198,2026-04-25 22:13:30,40.58,6.45,53.59,67.55,5.0,31.54,209.42,74.17,87.45,61.88
BATCH_1199,2026-04-26 02:13:30,28.57,8.73,64.88,83.75,22.86,49.26,370.64,94.61,89.32,65.33
BATCH_1200,2026-04-26 06:13:30,43.58,6.25,78.04,78.7,21.22,36.69,382.9,95.11,77.81,60.51
BATCH_1201,2026-04-26 10:13:30,45.61,5.14,58.09,83.51,14.55,34.9,289.52,79.53,96.09,64.76
BATCH_1202,2026-04-26 14:13:30,50.83,6.24,67.2,79.45,15.07,41.49,771.45,90.12,89.17,49.85
BATCH_1203,2026-04-26 18:13:30,50.54,7.09,47.07,100.58,15.15,47.71,347.8,88.51,68.9,55.5
BATCH_1204,2026-04-26 22:13:30,26.22,6.1,50.44,55.95,20.55,63.82,241.71,93.59,75.49,63.77
BATCH_1205,2026-04-27 02:13:30,30.62,6.08,64.72,61.46,16.87,48.27,303.08,93.97,84.19,65.31
BATCH_1206,2026-04-27 06:13:30,45.15,4.6,74.84,59.55,22.47,51.6,332.17,94.99,75.1,61.1
BATCH_1207,2026-04-27 10:13:30,45.14,4.67,63.56,91.6,5.73,34.94,331.61,70.98,88.74,56.97
BATCH_1208,2026-04-27 14:13:30,45.15,3.19,56.87,93.01,15.72,29.74,323.48,83.35,85.25,60.8
BATCH_1209,2026-04-27 18:13:30,75.0,9.5,59.99,84.02,14.37,40.62,326.35,80.98,93.21,62.94
BATCH_1210,2026-04-27 22:13:30,45.71,3.51,47.5,98.67,18.72,41.07,333.44,86.58,71.36,56.2
BATCH_1211,2026-04-28 02:13:30,51.36,4.61,66.05,51.44,17.31,29.21,237.89,87.86,83.99,65.01
BATCH_1212,2026-04-28 06:13:30,49.54,4.56,68.82,108.34,23.99,38.25,463.85,88.86,73.47,53.52
BATCH_1213,2026-04-28 10:13:30,46.51,7.79,55.48,105.46,10.7,43.99,333.91,74.31,78.4,54.09
BATCH_1214,2026-04-28 14:13:30,36.85,5.41,55.3,89.71,20.23,43.6,323.63,87.24,85.03,62.26
BATCH_1215,2026-04-28 18:13:30,47.59,8.5,62.66,110.64,22.79,45.04,936.24,99.59,76.46,42.96
BATCH_1216,2026-04-28 22:13:30,32.27,4.65,55.63,41.87,29.28,42.91,233.3,80.65,76.9,59.44
BATCH_1217,2026-04-29 02:13:30,37.63,6.56,59.34,64.51,17.59,34.93,241.42,91.04,92.3,69.48
BATCH_1218,2026-04-29 06:13:30,35.15,4.33,81.0,60.29,21.62,34.86,318.07,91.63,66.28,56.7
BATCH_1219,2026-04-29 10:13:30,40.82,10.29,57.53,89.43,10.98,28.01,322.81,76.09,87.45,58.79
BATCH_1220,2026-04-29 14:13:30,63.15,3.62,56.42,54.0,8.04,57.85,239.09,69.96,83.57,57.64
BATCH_1221,2026-04-29 18:13:30,21.33,6.62,53.52,90.15,24.22,40.13,329.22,93.45,83.52,63.95
BATCH_1222,2026-04-29 22:13:30,46.86,7.27,67.44,102.41,19.97,37.75,427.78,96.16,76.9,59.04
BATCH_1223,2026-04-30 02:13:30,23.87,6.83,58.19,88.9,25.89,30.71,362.41,94.51,89.71,65.72
BATCH_1224,2026-04-30 06:13:30,35.28,5.63,53.51,80.68,13.13,69.36,314.15,83.3,87.4,61.96
BATCH_1225,2026-04-30 10:13:30,50.89,5.74,73.21,55.24,22.6,29.27,275.66,93.88,72.73,61.63
BATCH_1226,2026-04-30 14:13:30,40.64,6.09,74.2,58.06,29.34,35.71,298.17,83.36,72.73,56.66
BATCH_1227,2026-04-30 18:13:30,29.22,5.71,54.0,99.99,22.1,44.16,368.54,92.7,76.61,59.55
BATCH_1228,2026-04-30 22:13:30,32.85,7.93,41.33,90.59,21.38,46.0,294.77,96.7,68.28,60.32
BATCH_1229,2026-05-01 02:13:30,46.8,10.42,70.08,74.22,20.04,49.58,353.47,87.37,87.82,62.41
BATCH_1230,2026-05-01 06:13:30,32.7,4.89,53.15,66.64,12.15,58.08,254.26,76.1,84.84,60.08
BATCH_1231,2026-05-01 10:13:30,42.16,3.26,67.91,34.48,26.78,45.06,229.24,79.86,71.99,57.3
BATCH_1232,2026-05-01 14:13:30,40.46,5.82,40.3,53.58,16.95,29.44,165.34,88.24,66.81,60.75
BATCH_1233,2026-05-01 18:13:30,33.48,11.16,68.93,113.23,22.52,37.43,437.09,89.56,68.5,52.72
BATCH_1234,2026-05-01 22:13:30,61.44,4.39,47.89,49.39,12.18,43.08,187.65,77.49,70.63,57.22
BATCH_1235,2026-05-02 02:13:30,46.34,9.28,67.31,78.79,14.1,60.68,371.33,85.05,90.83,62.08
BATCH_1236,2026-05-02 06:13:30,19.75,9.36,60.14,95.15,27.18,26.02,343.1,86.11,89.52,62.94
BATCH_1237,2026-05-02 10:13:30,41.86,4.89,50.46,49.9,18.26,52.03,223.64,85.95,76.22,61.61
BATCH_1238,2026-05-02 14:13:30,33.38,7.14,55.93,78.69,27.27,41.8,600.55,87.9,93.24,56.4
BATCH_1239,2026-05-02 18:13:30,48.52,9.26,66.86,93.76,19.61,48.38,419.01,90.71,79.5,58.2
BATCH_1240,2026-05-02 22:13:30,32.07,5.24,61.06,75.25,10.79,38.98,276.17,77.02,96.19,64.25
BATCH_1241,2026-05-03 02:13:30,38.85,5.59,65.84,132.37,24.46,31.58,502.91,93.97,63.34,50.19
BATCH_1242,2026-05-03 06:13:30,45.05,4.84,79.76,41.63,17.05,47.51,273.34,84.14,59.69,52.59
BATCH_1243,2026-05-03 10:13:30,48.66,3.97,44.36,96.17,23.49,46.54,339.05,89.93,72.34,57.74
BATCH_1244,2026-05-03 14:13:30,28.0,4.7,76.17,71.54,20.13,49.72,357.46,91.42,75.03,58.78
BATCH_1245,2026-05-03 18:13:30,36.65,3.55,61.04,90.44,12.28,39.87,341.01,77.62,88.84,59.35
BATCH_1246,2026-05-03 22:13:30,35.25,6.07,51.01,83.83,20.82,34.0,296.13,94.56,85.21,66.2
BATCH_1247,2026-05-04 02:13:30,33.47,4.46,46.7,60.34,30.98,24.41,227.75,80.79,74.27,58.63
BATCH_1248,2026-05-04 06:13:30,57.65,6.47,58.11,79.58,22.46,48.19,321.24,94.26,94.58,68.97
BATCH_1249,2026-05-04 10:13:30,44.05,2.89,69.22,37.84,19.71,44.24,237.85,87.53,69.94,59.25
BATCH_1250,2026-05-04 14:13:30,27.39,6.66,58.72,87.06,25.38,30.34,322.39,87.48,90.57,64.61
BATCH_1251,2026-05-04 18:13:30,49.18,7.67,75.11,80.96,21.05,34.61,381.59,90.85,79.37,59.47
BATCH_1252,2026-05-04 22:13:30,61.22,2.01,45.49,87.77,21.05,35.33,329.3,89.27,75.89,59.22
BATCH_1253,2026-05-05 02:13:30,50.32,6.75,59.88,96.16,14.54,25.17,346.88,86.1,88.03,62.21
BATCH_1254,2026-05-05 06:13:30,24.81,8.46,47.48,82.35,21.17,31.82,255.99,95.8,81.29,66.49
BATCH_1255,2026-05-05 10:13:30,35.16,3.58,63.64,77.96,25.18,28.66,290.29,87.38,91.82,66.16
BATCH_1256,2026-05-05 14:13:30,52.67,9.35,68.87,57.38,15.82,35.88,290.16,78.03,75.81,56.03
BATCH_1257,2026-05-05 18:13:30,32.92,6.84,55.79,60.76,27.12,32.61,236.53,90.92,88.34,68.01
BATCH_1258,2026-05-05 22:13:30,44.44,4.59,33.96,98.73,19.54,23.73,211.91,88.41,59.21,56.2
BATCH_1259,2026-05-06 02:13:30,47.75,5.89,61.99,103.73,15.56,60.23,943.94,84.49,86.25,40.58
BATCH_1260,2026-05-06 06:13:30,30.73,7.12,64.37,70.24,24.99,52.53,367.66,96.29,91.68,67.04
BATCH_1261,2026-05-06 10:13:30,39.4,6.15,64.04,75.92,18.57,32.21,322.25,93.72,95.01,68.89
BATCH_1262,2026-05-06 14:13:30,15.0,7.08,72.36,56.91,23.8,42.72,292.36,98.77,74.71,63.8
BATCH_1263,2026-05-06 18:13:30,29.76,4.16,49.29,98.46,18.54,44.17,327.67,89.79,74.15,58.79
BATCH_1264,2026-05-06 22:13:30,37.47,6.34,66.8,88.31,19.7,51.91,386.51,99.9,87.39,66.13
BATCH_1265,2026-05-07 02:13:30,27.52,3.17,71.93,113.82,22.47,31.81,482.38,88.01,68.91,50.73
BATCH_1266,2026-05-07 06:13:30,56.32,5.78,42.21,57.43,21.45,50.92,237.89,88.57,68.28,59.01
BATCH_1267,2026-05-07 10:13:30,25.7,4.19,63.2,67.44,10.02,34.52,268.16,73.97,91.11,61.27
BATCH_1268,2026-05-07 14:13:30,35.6,4.53,54.96,79.63,14.39,26.64,281.8,85.9,91.49,65.73
BATCH_1269,2026-05-07 18:13:30,41.31,8.47,59.18,87.93,24.65,47.24,381.42,93.01,94.87,66.54
BATCH_1270,2026-05-07 22:13:30,54.41,8.18,63.48,70.69,19.34,52.91,327.97,93.02,91.73,67.1
BATCH_1271,2026-05-08 02:13:30,25.64,7.22,55.13,57.54,17.38,65.88,274.16,93.69,81.88,65.26
BATCH_1272,2026-05-08 06:13:30,51.63,3.82,53.24,92.63,13.21,28.0,300.61,75.86,81.52,57.09
BATCH_1273,2026-05-08 10:13:30,40.1,5.37,60.34,89.42,14.6,46.99,328.51,81.21,93.07,62.9
BATCH_1274,2026-05-08 14:13:30,30.18,8.43,49.13,56.67,9.89,35.9,176.67,80.45,76.7,61.21
BATCH_1275,2026-05-08 18:13:30,44.62,6.28,49.14,102.11,19.49,47.83,349.06,90.63,75.15,58.8
BATCH_1276,2026-05-08 22:13:30,41.99,10.64,66.79,98.4,17.01,25.3,397.7,78.65,77.03,53.11
BATCH_1277,2026-05-09 02:13:30,34.0,6.79,48.51,77.69,15.17,27.37,235.89,81.62,83.71,62.46
BATCH_1278,2026-05-09 06:13:30,40.7,6.38,66.66,76.59,19.66,32.24,308.21,84.66,93.74,65.24
BATCH_1279,2026-05-09 10:13:30,36.15,5.38,64.63,86.08,21.82,40.79,368.28,97.2,88.51,66.12
BATCH_1280,2026-05-09 14:13:30,41.14,6.27,42.74,57.77,30.47,33.59,388.12,75.36,68.75,48.81
BATCH_1281,2026-05-09 18:13:30,46.62,5.7,53.22,75.6,12.44,46.59,273.66,82.11,91.24,64.39
BATCH_1282,2026-05-09 22:13:30,55.86,7.42,71.94,31.95,25.8,50.27,260.41,93.25,63.7,58.28
BATCH_1283,2026-05-10 02:13:30,27.62,7.91,50.19,92.53,24.87,46.0,352.79,90.89,80.91,61.08
BATCH_1284,2026-05-10 06:13:30,61.33,4.43,55.36,43.77,16.1,56.19,215.29,85.76,76.68,62.01
BATCH_1285,2026-05-10 10:13:30,20.48,3.34,64.62,105.07,21.02,44.16,414.72,88.0,79.72,57.35
BATCH_1286,2026-05-10 14:13:30,38.48,2.33,67.83,68.4,17.71,27.83,275.06,86.18,90.61,65.72
BATCH_1287,2026-05-10 18:13:30,45.88,7.02,57.48,70.77,20.93,53.63,326.62,97.08,94.61,69.92
BATCH_1288,2026-05-10 22:13:30,42.81,3.79,54.02,62.45,27.55,33.95,286.63,79.41,83.59,59.81
BATCH_1289,2026-05-11 02:13:30,33.77,1.69,74.22,69.24,23.03,49.1,359.58,86.02,79.83,58.47
BATCH_1290,2026-05-11 06:13:30,37.92,6.78,77.39,103.37,22.54,55.74,515.84,96.31,60.47,49.54
BATCH_1291,2026-05-11 10:13:30,35.07,10.99,69.79,25.24,17.85,44.57,191.26,82.37,61.52,55.41
BATCH_1292,2026-05-11 14:13:30,34.11,5.99,60.85,100.54,12.58,25.04,355.74,78.33,84.53,57.41
BATCH_1293,2026-05-11 18:13:30,48.5,7.68,51.92,81.76,18.96,30.82,289.77,97.05,86.18,67.79
BATCH_1294,2026-05-11 22:13:30,43.57,6.16,51.7,50.86,26.03,53.23,246.24,88.52,77.1,62.23
BATCH_1295,2026-05-12 02:13:30,33.07,5.8,65.23,53.49,12.36,38.31,239.07,81.96,82.5,62.01
BATCH_1296,2026-05-12 06:13:30,49.0,7.84,64.18,108.53,14.72,40.8,406.9,84.91,77.82,55.62
BATCH_1297,2026-05-12 10:13:30,43.07,5.42,74.02,56.09,20.63,47.59,290.65,89.61,71.66,58.98
BATCH_1298,2026-05-12 14:13:30,48.13,6.53,66.5,51.93,15.08,46.96,248.2,90.27,81.53,64.64
BATCH_1299,2026-05-12 18:13:30,46.3,6.64,44.97,97.75,16.04,42.79,289.04,91.38,71.74,59.78
BATCH_1300,2026-05-12 22:13:30,31.71,4.66,70.52,81.77,17.88,37.91,796.41,92.96,85.24,48.57
BATCH_1301,2026-05-13 02:13:30,34.4,7.98,50.02,56.24,13.17,36.87,175.1,84.44,73.55,61.59
BATCH_1302,2026-05-13 06:13:30,47.47,5.65,56.16,79.33,15.13,48.58,319.68,81.0,91.17,62.35
BATCH_1303,2026-05-13 10:13:30,46.1,4.49,62.5,54.48,23.52,45.54,295.91,91.06,85.13,64.77
BATCH_1304,2026-05-13 14:13:30,39.79,7.07,79.96,97.02,13.46,37.43,418.85,89.07,66.16,52.21
BATCH_1305,2026-05-13 18:13:30,41.17,4.2,91.1,96.23,12.01,50.82,522.41,78.88,50.0,38.15
BATCH_1306,2026-05-13 22:13:30,52.78,6.06,66.07,85.64,16.85,38.71,349.31,92.85,86.63,64.27
BATCH_1307,2026-05-14 02:13:30,34.08,5.98,58.17,82.23,23.66,31.48,328.66,96.85,92.76,69.02
BATCH_1308,2026-05-14 06:13:30,45.47,8.17,65.35,110.22,19.02,32.41,701.83,90.01,76.93,47.28
BATCH_1309,2026-05-14 10:13:30,37.98,6.95,68.88,74.99,17.68,30.21,320.41,94.94,88.02,66.65
BATCH_1310,2026-05-14 14:13:30,37.82,5.95,56.79,51.36,20.22,37.28,222.29,89.89,84.18,66.43
BATCH_1311,2026-05-14 18:13:30,50.99,7.64,77.95,83.99,11.27,52.34,418.23,80.85,74.49,52.28
BATCH_1312,2026-05-14 22:13:30,48.25,8.78,62.3,116.72,22.47,31.95,426.56,93.47,73.91,56.81
BATCH_1313,2026-05-15 02:13:30,48.14,7.12,64.98,54.7,21.92,41.88,284.35,98.48,85.95,68.46
BATCH_1314,2026-05-15 06:13:30,53.05,6.02,66.66,67.77,17.95,33.43,316.94,87.65,86.26,63.15
BATCH_1315,2026-05-15 10:13:30,40.21,3.38,64.22,83.33,25.03,37.4,373.28,83.86,88.41,60.57
BATCH_1316,2026-05-15 14:13:30,46.82,3.87,68.39,73.92,14.36,24.9,339.66,79.28,90.15,60.58
BATCH_1317,2026-05-15 18:13:30,36.9,5.39,53.83,55.35,25.64,37.79,237.02,87.63,83.41,64.71
BATCH_1318,2026-05-15 22:13:30,43.24,4.78,54.42,97.44,20.77,38.06,364.35,92.36,81.53,61.52
BATCH_1319,2026-05-16 02:13:30,38.7,5.63,49.0,121.4,18.32,45.4,381.71,88.1,62.03,51.43
BATCH_1320,2026-05-16 06:13:30,40.97,6.11,64.4,78.92,19.9,42.23,360.33,94.09,92.07,66.57
BATCH_1321,2026-05-16 10:13:30,45.95,7.06,67.79,56.92,19.46,28.02,259.41,94.07,79.74,65.06
BATCH_1322,2026-05-16 14:13:30,31.82,5.86,64.58,44.02,26.1,50.84,258.39,90.39,74.49,61.52
BATCH_1323,2026-05-16 18:13:30,60.92,6.97,76.74,80.16,14.62,42.1,406.88,88.24,77.34,56.76
BATCH_1324,2026-05-16 22:13:30,29.94,6.13,59.94,97.08,16.19,41.98,352.93,89.61,91.32,64.73
BATCH_1325,2026-05-17 02:13:30,27.86,2.05,66.69,84.5,25.18,39.91,354.9,81.92,84.57,58.89
BATCH_1326,2026-05-17 06:13:30,51.58,4.12,49.08,74.95,17.02,34.82,249.4,80.84,82.51,61.22
BATCH_1327,2026-05-17 10:13:30,47.92,5.71,56.13,63.21,24.5,42.18,293.33,88.16,87.68,64.71
BATCH_1328,2026-05-17 14:13:30,46.24,3.58,66.96,53.16,28.5,44.76,323.99,85.19,81.91,60.18
BATCH_1329,2026-05-17 18:13:30,46.28,7.2,68.49,91.7,17.99,22.53,620.34,87.72,80.71,50.64
BATCH_1330,2026-05-17 22:13:30,39.88,9.06,57.06,93.28,23.41,34.61,370.64,92.72,88.57,64.27
BATCH_1331,2026-05-18 02:13:30,31.03,8.44,59.28,44.09,14.23,37.45,168.46,81.67,81.4,63.85
BATCH_1332,2026-05-18 06:13:30,40.76,5.57,44.82,106.8,23.77,42.56,334.02,95.2,67.59,58.12
BATCH_1333,2026-05-18 10:13:30,33.23,8.98,56.43,86.48,21.0,51.93,343.53,92.11,89.58,65.35
BATCH_1334,2026-05-18 14:13:30,49.75,6.3,68.9,102.99,22.37,32.28,435.74,95.11,76.33,58.12
BATCH_1335,2026-05-18 18:13:30,38.53,5.33,65.75,48.16,16.77,35.02,225.84,91.26,78.42,64.55
BATCH_1336,2026-05-18 22:13:30,31.75,4.77,65.01,47.68,11.69,34.87,213.85,76.26,80.07,59.61
BATCH_1337,2026-05-19 02:13:30,36.79,5.4,60.5,72.02,22.52,31.98,653.05,89.98,96.56,56.78
BATCH_1338,2026-05-19 06:13:30,44.13,5.22,60.07,85.06,9.68,36.53,307.91,76.5,93.84,62.02
BATCH_1339,2026-05-19 10:13:30,34.36,6.34,53.4,110.93,18.41,47.71,382.94,87.22,75.09,56.26
BATCH_1340,2026-05-19 14:13:30,31.78,6.32,66.99,89.12,24.71,29.46,358.74,93.15,82.3,62.34
BATCH_1341,2026-05-19 18:13:30,42.44,6.01,64.21,70.15,20.96,44.28,318.96,91.9,91.62,66.92
BATCH_1342,2026-05-19 22:13:30,42.45,6.87,64.92,54.47,29.74,22.98,250.57,92.79,84.81,66.87
BATCH_1343,2026-05-20 02:13:30,34.93,8.38,54.74,99.6,25.13,34.39,356.71,83.29,75.91,55.91
BATCH_1344,2026-05-20 06:13:30,35.29,7.9,38.47,55.71,16.73,36.71,174.39,83.81,62.56,56.97
BATCH_1345,2026-05-20 10:13:30,42.32,3.03,70.97,107.57,20.14,56.75,495.43,88.12,69.86,50.71
BATCH_1346,2026-05-20 14:13:30,25.52,1.0,55.21,69.31,19.76,37.25,256.51,88.56,87.58,66.09
BATCH_1347,2026-05-20 18:13:30,25.93,7.87,51.37,106.81,12.09,17.99,323.81,80.53,69.06,53.18
BATCH_1348,2026-05-20 22:13:30,32.82,3.27,66.93,88.58,15.3,20.01,319.81,84.81,84.18,61.08
BATCH_1349,2026-05-21 02:13:30,37.87,5.55,56.08,72.26,17.2,40.34,266.23,86.56,92.23,66.82
BATCH_1350,2026-05-21 06:13:30,43.11,3.66,70.6,64.61,9.82,46.14,327.57,71.81,83.06,55.17
BATCH_1351,2026-05-21 10:13:30,54.75,2.4,66.17,68.18,20.24,43.75,308.23,88.97,88.48,64.86
BATCH_1352,2026-05-21 14:13:30,48.58,7.08,66.84,83.57,18.75,41.68,345.77,89.6,86.91,63.21
BATCH_1353,2026-05-21 18:13:30,38.4,7.52,46.34,76.54,11.64,51.62,255.62,79.0,81.47,59.85
BATCH_1354,2026-05-21 22:13:30,39.81,4.85,72.12,63.12,22.02,34.6,277.33,90.73,77.85,62.36
BATCH_1355,2026-05-22 02:13:30,29.97,1.0,62.61,71.69,23.58,48.95,328.22,83.6,93.09,63.87
BATCH_1356,2026-05-22 06:13:30,39.81,4.91,56.31,76.57,21.14,23.68,307.71,96.76,93.31,69.92
BATCH_1357,2026-05-22 10:13:30,37.11,6.78,61.43,32.43,18.38,30.95,140.49,89.2,78.41,66.62
BATCH_1358,2026-05-22 14:13:30,43.23,3.04,42.24,84.16,22.96,21.93,209.9,89.46,74.98,62.99
BATCH_1359,2026-05-22 18:13:30,31.73,6.37,64.09,55.41,23.4,37.25,240.65,98.8,85.39,69.85
BATCH_1360,2026-05-22 22:13:30,45.19,5.97,49.71,51.93,21.54,39.54,233.26,91.19,75.68,63.17
BATCH_1361,2026-05-23 02:13:30,55.33,7.16,46.47,41.25,15.88,41.14,192.65,82.2,63.79,56.2
BATCH_1362,2026-05-23 06:13:30,38.91,6.24,44.78,39.12,21.38,40.62,294.84,95.68,65.12,58.65
BATCH_1363,2026-05-23 10:13:30,44.02,4.05,71.13,47.89,25.98,30.72,266.43,79.66,72.81,56.28
BATCH_1364,2026-05-23 14:13:30,46.9,8.39,53.71,60.82,17.02,38.1,259.49,87.47,82.45,63.5
BATCH_1365,2026-05-23 18:13:30,35.99,5.68,75.34,114.07,30.49,25.03,535.51,83.77,61.66,44.33
BATCH_1366,2026-05-23 22:13:30,42.24,5.95,54.64,64.48,17.37,53.63,268.13,90.84,86.39,66.13
BATCH_1367,2026-05-24 02:13:30,40.13,4.13,42.93,78.56,20.16,36.96,213.77,84.6,77.01,61.73
BATCH_1368,2026-05-24 06:13:30,40.98,5.11,48.83,83.01,16.64,35.11,257.6,88.52,81.08,63.44
BATCH_1369,2026-05-24 10:13:30,32.27,4.23,72.36,77.62,21.12,55.89,384.97,88.93,83.32,60.17
BATCH_1370,2026-05-24 14:13:30,40.25,5.65,58.44,73.45,11.29,27.58,255.77,80.92,95.02,66.03
BATCH_1371,2026-05-24 18:13:30,44.98,9.42,54.52,51.09,17.27,28.74,198.66,87.44,83.56,66.0
BATCH_1372,2026-05-24 22:13:30,54.51,3.26,61.6,104.02,14.54,29.04,398.19,76.23,83.3,54.63
BATCH_1373,2026-05-25 02:13:30,49.59,2.77,65.02,111.14,20.68,39.32,470.27,88.7,74.31,53.58
BATCH_1374,2026-05-25 06:13:30,61.53,8.94,71.17,41.35,24.97,44.32,263.87,90.87,67.7,58.81
BATCH_1375,2026-05-25 10:13:30,32.33,5.58,74.48,54.52,23.23,47.4,323.77,89.92,68.39,56.67
BATCH_1376,2026-05-25 14:13:30,48.72,4.66,56.4,69.4,8.14,65.72,268.26,67.74,92.67,59.4
BATCH_1377,2026-05-25 18:13:30,41.83,8.08,46.74,55.71,30.21,17.51,194.38,81.59,70.48,58.57
BATCH_1378,2026-05-25 22:13:30,61.9,4.79,55.87,85.12,21.48,46.09,361.49,94.76,90.3,66.09
BATCH_1379,2026-05-26 02:13:30,31.92,9.65,62.6,60.43,16.12,34.43,250.6,85.4,85.94,64.37
BATCH_1380,2026-05-26 06:13:30,31.6,7.36,50.36,118.3,20.79,34.14,919.44,95.23,64.15,36.86
BATCH_1381,2026-05-26 10:13:30,34.01,5.02,50.43,98.81,20.88,33.8,301.04,91.41,77.44,61.66
BATCH_1382,2026-05-26 14:13:30,18.76,10.31,63.44,79.25,16.67,30.91,294.24,86.33,92.13,65.74
BATCH_1383,2026-05-26 18:13:30,34.74,4.79,59.51,95.54,20.99,56.85,395.22,89.89,88.25,62.18
BATCH_1384,2026-05-26 22:13:30,32.41,7.48,60.33,97.12,16.96,48.42,381.45,89.22,86.3,61.59
BATCH_1385,2026-05-27 02:13:30,41.5,6.6,52.42,63.72,17.98,40.23,264.63,96.31,84.71,67.76
BATCH_1386,2026-05-27 06:13:30,43.42,8.6,57.7,58.68,16.57,53.51,397.32,89.43,88.69,62.1
BATCH_1387,2026-05-27 10:13:30,58.76,9.12,50.76,76.56,12.84,24.87,227.9,81.52,84.39,62.97
BATCH_1388,2026-05-27 14:13:30,49.5,6.06,68.9,92.23,20.73,26.69,399.41,94.44,79.9,60.51
BATCH_1389,2026-05-27 18:13:30,34.23,4.49,70.35,77.78,22.93,18.22,335.46,85.93,83.53,60.74
BATCH_1390,2026-05-27 22:13:30,31.02,6.92,41.54,43.46,22.57,33.01,136.25,96.26,61.53,62.83
BATCH_1391,2026-05-28 02:13:30,44.92,4.64,50.7,58.94,24.1,41.62,252.08,92.66,76.48,63.44
BATCH_1392,2026-05-28 06:13:30,26.8,10.03,45.03,73.52,21.62,41.03,226.06,90.72,81.66,65.62
BATCH_1393,2026-05-28 10:13:30,58.31,6.27,53.5,73.49,17.34,41.49,273.31,90.61,91.67,67.97
BATCH_1394,2026-05-28 14:13:30,51.79,5.27,59.17,114.45,24.2,25.89,401.05,90.27,75.22,56.92
BATCH_1395,2026-05-28 18:13:30,35.31,6.37,45.5,47.28,13.21,48.03,188.13,81.82,68.63,58.14
BATCH_1396,2026-05-28 22:13:30,22.87,3.31,50.78,85.11,15.5,42.4,281.85,77.23,79.68,57.54
BATCH_1397,2026-05-29 02:13:30,53.54,4.06,49.96,104.78,15.18,47.33,326.71,81.95,70.28,54.14
BATCH_1398,2026-05-29 06:13:30,38.85,8.4,62.07,120.43,25.4,21.07,449.22,85.18,74.11,52.8
BATCH_1399,2026-05-29 10:13:30,52.38,4.69,60.69,66.91,24.71,43.11,292.98,86.58,97.75,68.12
BATCH_1400,2026-05-29 14:13:30,24.06,3.91,52.78,84.83,22.44,28.12,291.33,93.28,85.46,65.95
BATCH_1401,2026-05-29 18:13:30,34.01,7.07,61.77,86.4,25.36,36.03,344.71,86.18,90.98,63.5
BATCH_1402,2026-05-29 22:13:30,40.05,8.37,54.53,78.91,15.6,45.34,286.3,84.68,88.15,63.75
BATCH_1403,2026-05-30 02:13:30,40.47,7.44,57.28,73.02,21.74,40.91,308.11,99.24,91.57,70.21
BATCH_1404,2026-05-30 06:13:30,35.5,7.99,76.73,83.72,19.37,31.48,395.58,87.12,75.93,56.13
BATCH_1405,2026-05-30 10:13:30,46.23,4.49,73.4,24.36,24.23,40.06,395.26,83.39,55.99,46.67
BATCH_1406,2026-05-30 14:13:30,29.32,3.16,47.0,88.64,19.42,24.68,260.11,86.55,75.05,60.15
BATCH_1407,2026-05-30 18:13:30,38.58,9.0,68.3,77.52,18.08,51.5,363.09,89.62,85.63,62.11
BATCH_1408,2026-05-30 22:13:30,41.2,5.35,68.11,70.55,22.7,37.95,323.23,94.17,86.04,65.45
BATCH_1409,2026-05-31 02:13:30,45.14,5.5,48.52,115.94,24.38,51.19,406.39,89.28,68.64,53.71
BATCH_1410,2026-05-31 06:13:30,47.12,8.66,68.19,61.5,16.66,34.73,286.12,82.84,82.74,60.86
BATCH_1411,2026-05-31 10:13:30,28.75,7.11,75.38,66.94,19.69,34.76,319.96,92.61,78.83,62.05
BATCH_1412,2026-05-31 14:13:30,24.66,6.91,48.77,114.83,14.71,32.36,303.39,86.58,66.02,55.08
BATCH_1413,2026-05-31 18:13:30,52.78,10.33,50.82,58.36,7.51,48.76,208.96,65.11,77.71,54.38
BATCH_1414,2026-05-31 22:13:30,43.32,4.71,70.18,64.0,21.0,32.91,306.97,92.87,80.68,63.34
BATCH_1415,2026-06-01 02:13:30,32.52,7.86,62.71,72.06,23.04,46.45,317.64,91.63,91.98,67.0
BATCH_1416,2026-06-01 06:13:30,55.51,6.11,65.51,91.81,21.31,36.18,370.92,96.06,83.29,63.49
BATCH_1417,2026-06-01 10:13:30,41.16,6.54,63.41,79.16,10.25,20.24,310.27,78.16,95.43,63.24
BATCH_1418,2026-06-01 14:13:30,51.79,9.06,63.91,49.15,18.25,34.3,240.37,88.6,86.43,66.19
BATCH_1419,2026-06-01 18:13:30,40.68,7.02,46.74,64.36,8.91,28.21,187.39,78.5,77.46,60.37
BATCH_1420,2026-06-01 22:13:30,60.61,7.08,70.47,62.85,26.85,40.34,321.36,91.71,80.79,62.43
BATCH_1421,2026-06-02 02:13:30,57.55,8.15,71.7,73.46,14.57,28.1,312.52,80.53,86.15,60.4
BATCH_1422,2026-06-02 06:13:30,37.51,5.27,57.71,83.52,26.28,49.26,382.82,90.32,95.39,65.63
BATCH_1423,2026-06-02 10:13:30,49.72,4.32,59.57,83.36,24.73,39.09,352.54,90.77,95.77,66.98
BATCH_1424,2026-06-02 14:13:30,46.45,3.91,44.69,39.48,15.5,38.22,150.57,75.7,63.26,54.82
BATCH_1425,2026-06-02 18:13:30,53.69,2.07,65.14,96.28,14.34,46.56,401.48,73.71,80.86,52.53
BATCH_1426,2026-06-02 22:13:30,30.35,10.11,65.72,80.05,21.75,49.64,352.39,98.56,89.23,67.49
BATCH_1427,2026-06-03 02:13:30,46.86,3.79,59.38,102.69,15.78,39.8,401.06,83.95,81.19,56.78
BATCH_1428,2026-06-03 06:13:30,50.58,5.56,71.24,83.88,20.51,32.29,397.38,98.32,83.14,63.43
BATCH_1429,2026-06-03 10:13:30,22.41,5.45,56.66,97.03,17.59,22.26,310.4,91.12,82.22,63.14
BATCH_1430,2026-06-03 14:13:30,28.17,6.61,65.65,84.33,11.09,33.14,310.87,90.29,87.46,64.89
BATCH_1431,2026-06-03 18:13:30,19.61,7.63,49.8,101.92,8.85,33.83,248.28,77.42,71.91,55.64
BATCH_1432,2026-06-03 22:13:30,37.31,7.72,59.76,85.45,21.13,41.07,321.2,98.68,94.37,70.66
BATCH_1433,2026-06-04 02:13:30,47.18,4.83,58.26,73.04,17.19,36.55,266.52,86.28,93.79,67.32
BATCH_1434,2026-06-04 06:13:30,55.02,5.67,62.25,120.45,17.23,46.88,469.09,93.06,72.98,54.83
BATCH_1435,2026-06-04 10:13:30,40.74,6.57,56.3,92.78,23.48,33.87,340.3,94.66,87.03,65.46
BATCH_1436,2026-06-04 14:13:30,56.29,5.5,58.69,86.47,25.87,39.43,343.3,90.45,91.71,65.55
BATCH_1437,2026-06-04 18:13:30,26.2,9.21,68.26,49.47,18.64,51.84,255.03,84.02,76.8,60.01
BATCH_1438,2026-06-04 22:13:30,22.97,6.98,55.63,49.23,18.3,43.42,219.57,88.18,79.9,64.12
BATCH_1439,2026-06-05 02:13:30,39.44,7.47,43.93,80.85,22.5,39.4,276.18,93.95,79.15,64.21
BATCH_1440,2026-06-05 06:13:30,43.84,7.33,77.5,77.91,13.22,33.98,331.24,85.15,76.61,57.8
BATCH_1441,2026-06-05 10:13:30,39.67,8.35,73.81,62.72,21.12,33.67,306.26,88.02,75.49,59.35
BATCH_1442,2026-06-05 14:13:30,19.33,6.36,47.08,77.82,22.76,31.49,229.43,99.9,82.02,69.32
BATCH_1443,2026-06-05 18:13:30,39.11,3.41,66.9,106.77,23.4,34.59,454.97,92.92,72.14,54.92
BATCH_1444,2026-06-05 22:13:30,26.96,6.8,54.97,88.91,10.32,47.56,308.85,80.32,84.46,59.77
BATCH_1445,2026-06-06 02:13:30,46.7,4.7,62.63,52.18,16.19,37.78,222.24,77.92,84.44,61.74
BATCH_1446,2026-06-06 06:13:30,43.67,4.94,62.94,72.77,15.61,26.5,272.45,84.91,93.92,66.62
BATCH_1447,2026-06-06 10:13:30,30.6,7.17,57.66,58.9,20.5,57.68,272.78,95.95,87.55,68.48
BATCH_1448,2026-06-06 14:13:30,34.86,8.48,52.16,67.25,22.4,43.2,236.45,98.77,84.91,69.79
BATCH_1449,2026-06-06 18:13:30,29.41,6.04,53.09,66.73,27.48,25.93,253.9,85.02,90.23,65.82
BATCH_1450,2026-06-06 22:13:30,39.37,6.62,50.84,65.45,17.53,35.58,231.84,87.66,83.83,65.07
BATCH_1451,2026-06-07 02:13:30,49.55,9.4,51.68,49.9,17.51,41.11,225.86,84.09,79.44,62.09
BATCH_1452,2026-06-07 06:13:30,30.14,6.48,59.33,72.45,25.75,57.05,331.01,93.23,94.36,68.14
BATCH_1453,2026-06-07 10:13:30,45.04,11.2,52.84,63.79,21.48,28.92,231.47,90.94,84.93,66.83
BATCH_1454,2026-06-07 14:13:30,34.7,7.13,66.82,20.0,26.34,49.76,166.42,95.11,63.7,62.22
BATCH_1455,2026-06-07 18:13:30,32.07,2.48,74.87,116.06,21.44,53.99,528.08,87.87,58.83,45.09
BATCH_1456,2026-06-07 22:13:30,38.93,7.51,54.2,96.78,14.21,33.71,302.33,88.55,80.31,61.62
BATCH_1457,2026-06-08 02:13:30,29.65,6.76,62.39,67.47,13.33,37.22,279.97,88.06,94.62,67.91
BATCH_1458,2026-06-08 06:13:30,34.46,8.58,65.0,75.38,12.24,29.64,280.75,81.48,92.96,64.58
BATCH_1459,2026-06-08 10:13:30,28.02,7.35,64.72,51.57,23.31,37.97,253.54,96.81,82.29,67.37
BATCH_1460,2026-06-08 14:13:30,59.65,5.72,60.76,108.91,25.94,39.63,437.25,91.15,84.62,59.8
BATCH_1461,2026-06-08 18:13:30,40.35,3.55,67.43,112.95,29.25,46.6,490.94,78.83,72.5,48.2
BATCH_1462,2026-06-08 22:13:30,33.0,5.58,64.82,78.13,24.22,50.9,365.83,91.6,92.01,65.37
BATCH_1463,2026-06-09 02:13:30,42.14,4.3,47.62,95.47,25.81,32.52,324.54,87.74,74.14,58.07
BATCH_1464,2026-06-09 06:13:30,38.88,4.84,68.69,78.51,17.1,20.33,298.76,85.78,89.78,64.42
BATCH_1465,2026-06-09 10:13:30,37.79,7.18,68.87,48.27,14.22,39.79,242.5,88.95,72.68,60.76
BATCH_1466,2026-06-09 14:13:30,46.14,9.34,52.37,66.76,24.25,42.94,268.43,89.63,85.93,65.45
BATCH_1467,2026-06-09 18:13:30,47.58,6.79,60.38,77.64,22.09,42.49,326.02,96.99,97.15,70.93
BATCH_1468,2026-06-09 22:13:30,34.69,3.61,66.83,65.91,20.54,36.73,305.91,93.53,85.45,65.55
BATCH_1469,2026-06-10 02:13:30,34.24,6.89,57.91,70.63,21.94,41.25,284.05,94.7,95.88,70.93
BATCH_1470,2026-06-10 06:13:30,37.25,8.39,70.73,73.17,21.62,55.15,373.34,97.28,84.3,64.3
BATCH_1471,2026-06-10 10:13:30,16.98,4.78,83.64,73.38,26.42,43.82,403.26,86.66,70.56,53.54
BATCH_1472,2026-06-10 14:13:30,24.85,5.73,52.14,76.05,26.47,36.27,289.43,85.26,90.84,64.95
BATCH_1473,2026-06-10 18:13:30,53.67,6.03,46.19,53.79,22.72,35.0,178.96,92.2,70.67,63.42
BATCH_1474,2026-06-10 22:13:30,56.45,4.43,63.04,60.66,24.23,38.3,266.21,89.41,85.2,65.15
BATCH_1475,2026-06-11 02:13:30,37.51,7.3,67.22,49.31,22.57,56.37,295.49,97.64,76.05,63.78
BATCH_1476,2026-06-11 06:13:30,45.77,5.76,57.69,94.56,17.69,38.17,365.22,86.21,84.61,60.27
BATCH_1477,2026-06-11 10:13:30,43.11,6.84,74.53,32.89,23.78,39.8,206.19,92.98,61.55,59.15
BATCH_1478,2026-06-11 14:13:30,70.79,4.23,46.61,98.07,13.03,35.18,296.97,80.85,74.6,56.44
BATCH_1479,2026-06-11 18:13:30,51.2,5.13,66.93,102.73,25.27,50.99,476.87,91.73,73.84,54.37
BATCH_1480,2026-06-11 22:13:30,38.72,7.44,53.94,68.96,14.03,59.6,282.62,91.37,84.6,65.13
BATCH_1481,2026-06-12 02:13:30,30.44,5.25,77.19,22.94,21.43,44.51,149.64,93.19,50.0,56.54
BATCH_1482,2026-06-12 06:13:30,23.94,9.45,79.93,67.77,15.77,40.83,321.04,84.0,72.15,55.9
BATCH_1483,2026-06-12 10:13:30,42.03,5.2,52.33,73.72,22.77,40.37,282.44,89.84,91.47,67.28
BATCH_1484,2026-06-12 14:13:30,32.44,6.45,54.5,54.79,19.83,16.16,201.71,92.57,84.43,68.29
BATCH_1485,2026-06-12 18:13:30,25.78,7.87,68.6,64.7,12.03,47.45,317.91,77.31,86.9,59.23
BATCH_1486,2026-06-12 22:13:30,33.53,3.16,56.13,105.6,22.1,41.34,382.82,92.26,79.27,59.95
BATCH_1487,2026-06-13 02:13:30,29.18,2.48,59.55,88.3,17.11,44.28,316.99,78.21,88.59,60.3
BATCH_1488,2026-06-13 06:13:30,56.87,2.95,60.25,56.51,24.41,32.89,268.92,87.88,89.73,66.25
BATCH_1489,2026-06-13 10:13:30,48.82,8.53,40.8,43.05,20.01,36.16,189.92,89.63,59.38,57.5
BATCH_1490,2026-06-13 14:13:30,39.92,4.9,59.86,68.46,21.98,35.89,289.59,98.13,92.81,70.89
BATCH_1491,2026-06-13 18:13:30,54.8,11.12,53.1,70.73,15.21,50.22,262.71,78.88,89.4,62.73
BATCH_1492,2026-06-13 22:13:30,40.77,4.87,55.07,84.92,17.05,36.21,317.99,92.28,84.05,64.07
BATCH_1493,2026-06-14 02:13:30,31.39,6.37,74.44,64.29,17.71,60.83,351.1,91.1,72.34,57.79
BATCH_1494,2026-06-14 06:13:30,55.23,9.08,47.43,85.23,24.28,44.31,300.45,89.09,79.07,61.4
BATCH_1495,2026-06-14 10:13:30,45.39,10.01,68.13,113.7,28.39,27.24,477.63,83.96,71.05,50.12
BATCH_1496,2026-06-14 14:13:30,29.63,10.12,57.21,91.31,15.97,38.71,340.44,85.87,86.1,61.57
BATCH_1497,2026-06-14 18:13:30,38.1,8.42,57.2,74.04,25.38,33.48,316.53,87.55,95.86,66.96
BATCH_1498,2026-06-14 22:13:30,31.24,8.05,67.9,71.34,9.15,18.06,270.05,76.94,90.0,61.95
BATCH_1499,2026-06-15 02:13:30,26.17,7.19,63.4,67.87,14.03,55.99,285.7,87.14,88.79,65.01
BATCH_1500,2026-06-15 06:13:30,49.26,7.56,65.71,98.61,15.21,47.03,424.23,86.57,77.91,55.73
BATCH_1501,2026-06-15 10:13:30,59.09,4.9,69.68,62.45,13.24,45.33,277.0,72.74,80.8,56.35
BATCH_1502,2026-06-15 14:13:30,26.01,4.36,56.69,75.9,12.08,41.65,274.99,74.39,97.1,63.6
BATCH_1503,2026-06-15 18:13:30,45.63,5.99,53.88,76.02,22.06,26.18,628.81,92.4,93.6,57.38
BATCH_1504,2026-06-15 22:13:30,33.49,5.66,49.15,64.96,18.93,35.16,245.62,89.41,80.75,64.06
BATCH_1505,2026-06-16 02:13:30,35.13,5.09,51.75,47.55,21.9,48.42,221.54,93.53,76.37,64.78
BATCH_1506,2026-06-16 06:13:30,34.08,7.39,89.49,81.46,23.45,29.49,455.89,99.9,61.06,53.24
BATCH_1507,2026-06-16 10:13:30,31.36,7.91,72.45,73.78,21.33,14.68,315.36,97.21,81.41,65.08
BATCH_1508,2026-06-16 14:13:30,40.49,6.18,46.49,85.0,23.29,37.73,269.78,95.86,76.32,64.05
BATCH_1509,2026-06-16 18:13:30,31.69,8.96,46.78,64.33,19.65,38.58,248.32,96.19,75.04,64.4
BATCH_1510,2026-06-16 22:13:30,42.7,3.72,64.82,99.42,14.07,41.36,413.36,83.0,82.99,56.7
BATCH_1511,2026-06-17 02:13:30,39.5,5.61,65.47,57.46,25.29,47.29,316.76,96.23,84.35,65.82
BATCH_1512,2026-06-17 06:13:30,37.61,4.57,65.49,109.24,17.05,46.38,428.36,85.83,73.78,53.64
BATCH_1513,2026-06-17 10:13:30,30.92,2.27,57.45,40.05,15.32,42.59,178.11,76.06,77.57,59.75
BATCH_1514,2026-06-17 14:13:30,34.23,5.83,58.75,83.7,19.11,51.96,344.56,88.01,90.08,63.88
BATCH_1515,2026-06-17 18:13:30,47.55,5.76,63.28,84.51,15.44,24.81,311.24,84.42,89.47,63.33
BATCH_1516,2026-06-17 22:13:30,45.01,9.03,60.86,59.09,17.91,45.05,292.25,90.71,86.32,65.23
BATCH_1517,2026-06-18 02:13:30,30.22,7.26,37.81,83.49,21.72,46.27,255.49,99.9,67.04,62.45
BATCH_1518,2026-06-18 06:13:30,40.99,3.95,57.7,100.59,21.74,27.6,318.17,96.79,81.32,64.78
BATCH_1519,2026-06-18 10:13:30,47.51,9.71,51.49,30.66,15.51,24.97,138.77,86.66,67.26,61.2
BATCH_1520,2026-06-18 14:13:30,23.31,8.44,61.75,85.05,17.56,32.54,314.76,91.12,91.84,66.84
BATCH_1521,2026-06-18 18:13:30,45.43,7.16,89.85,25.13,25.37,33.38,202.28,93.09,50.0,54.71
BATCH_1522,2026-06-18 22:13:30,33.37,5.55,63.67,55.69,22.48,47.53,273.94,97.41,81.71,66.69
BATCH_1523,2026-06-19 02:13:30,45.71,4.08,56.86,107.58,30.38,33.85,423.11,78.58,77.49,52.4
BATCH_1524,2026-06-19 06:13:30,32.37,5.26,69.22,63.36,25.9,31.44,317.41,89.36,82.29,62.22
BATCH_1525,2026-06-19 10:13:30,21.95,8.18,64.83,51.52,25.72,33.88,251.95,90.03,78.71,63.29
BATCH_1526,2026-06-19 14:13:30,23.72,9.77,64.2,71.04,13.06,51.19,288.3,75.63,96.36,63.35
BATCH_1527,2026-06-19 18:13:30,40.48,9.09,66.07,116.36,23.82,40.13,480.47,94.64,73.88,55.43
BATCH_1528,2026-06-19 22:13:30,42.6,5.02,80.57,38.37,19.73,38.21,236.46,89.39,54.64,53.93
BATCH_1529,2026-06-20 02:13:30,30.96,3.76,48.69,53.97,17.25,38.9,188.51,84.43,74.89,61.67
BATCH_1530,2026-06-20 06:13:30,46.39,6.28,64.74,104.95,20.84,52.92,459.81,95.82,77.13,57.91
BATCH_1531,2026-06-20 10:13:30,23.38,2.46,50.74,112.15,24.73,32.51,367.41,82.18,69.18,52.41
BATCH_1532,2026-06-20 14:13:30,39.34,6.65,65.56,72.93,22.5,53.16,377.52,93.9,90.16,65.14
BATCH_1533,2026-06-20 18:13:30,27.89,5.7,50.81,50.22,15.61,42.1,212.94,88.66,77.21,63.46
BATCH_1534,2026-06-20 22:13:30,33.48,5.07,55.83,116.92,23.71,38.4,405.64,92.11,71.89,56.17
BATCH_1535,2026-06-21 02:13:30,40.47,2.81,57.05,106.89,16.81,65.01,424.87,81.0,77.53,53.32
BATCH_1536,2026-06-21 06:13:30,31.4,7.03,69.76,88.58,21.08,29.44,592.11,97.39,78.06,54.41
BATCH_1537,2026-06-21 10:13:30,36.15,4.93,69.18,58.75,18.48,36.46,448.93,86.84,75.83,54.16
BATCH_1538,2026-06-21 14:13:30,50.06,3.66,47.54,74.02,18.91,27.68,235.1,85.84,83.07,63.92
BATCH_1539,2026-06-21 18:13:30,34.23,1.0,60.55,71.79,23.83,49.52,313.54,77.76,96.19,63.27
BATCH_1540,2026-06-21 22:13:30,48.36,5.94,52.9,81.62,14.8,56.89,311.63,89.68,90.22,65.72
BATCH_1541,2026-06-22 02:13:30,28.7,9.54,47.41,104.02,29.73,56.7,355.67,81.69,70.45,53.12
BATCH_1542,2026-06-22 06:13:30,45.3,9.32,57.83,92.59,10.89,52.24,309.63,79.42,87.99,60.79
BATCH_1543,2026-06-22 10:13:30,54.42,5.09,56.92,53.45,17.01,38.02,228.41,84.88,82.42,63.51
BATCH_1544,2026-06-22 14:13:30,15.28,4.8,84.27,102.53,21.85,36.35,504.41,98.22,57.34,49.43
BATCH_1545,2026-06-22 18:13:30,32.03,6.94,64.33,81.26,22.92,23.29,314.56,95.45,89.08,67.47
BATCH_1546,2026-06-22 22:13:30,45.77,4.0,46.22,88.74,19.5,60.36,298.44,90.14,75.6,60.51
BATCH_1547,2026-06-23 02:13:30,37.97,6.6,54.35,104.33,19.71,44.69,360.72,95.98,77.91,61.65
BATCH_1548,2026-06-23 06:13:30,43.71,7.53,70.21,52.77,22.05,35.08,274.87,99.9,75.13,65.02
BATCH_1549,2026-06-23 10:13:30,33.96,8.45,80.88,74.28,18.84,53.28,406.45,91.75,74.36,56.99
BATCH_1550,2026-06-23 14:13:30,40.87,5.8,44.14,64.37,26.97,30.27,227.56,84.9,75.51,60.78
BATCH_1551,2026-06-23 18:13:30,38.44,5.59,41.2,43.64,24.2,44.07,211.78,91.97,64.17,59.61
BATCH_1552,2026-06-23 22:13:30,51.68,4.24,78.71,81.93,24.36,38.27,428.85,87.06,73.58,54.03
BATCH_1553,2026-06-24 02:13:30,42.54,4.35,63.9,125.23,15.17,46.39,466.44,77.45,70.17,47.55
BATCH_1554,2026-06-24 06:13:30,43.38,5.55,51.32,38.2,19.6,39.36,177.22,90.71,71.21,63.09
BATCH_1555,2026-06-24 10:13:30,35.88,6.73,65.35,74.35,18.5,25.49,277.56,93.89,91.43,69.05
BATCH_1556,2026-06-24 14:13:30,35.12,7.83,33.64,87.81,14.97,40.76,212.46,84.4,59.65,54.75
BATCH_1557,2026-06-24 18:13:30,35.67,4.39,60.03,77.46,21.8,50.49,355.09,94.12,97.26,68.84
BATCH_1558,2026-06-24 22:13:30,43.94,8.99,63.28,72.74,17.31,39.71,317.38,88.51,91.94,65.75
BATCH_1559,2026-06-25 02:13:30,35.79,5.46,69.24,49.02,23.28,47.75,297.54,97.56,73.77,62.77
BATCH_1560,2026-06-25 06:13:30,42.9,5.96,49.86,79.66,14.65,29.54,250.12,82.11,85.1,62.73
BATCH_1561,2026-06-25 10:13:30,60.75,4.51,60.86,59.86,28.6,39.74,323.63,84.28,91.33,63.59
BATCH_1562,2026-06-25 14:13:30,48.71,1.15,50.75,31.2,15.52,33.75,142.53,76.03,65.37,56.07
BATCH_1563,2026-06-25 18:13:30,36.74,7.77,62.55,98.89,21.1,47.47,429.86,98.22,82.84,62.17
BATCH_1564,2026-06-25 22:13:30,52.01,7.47,51.05,94.17,23.96,40.31,343.3,92.81,75.88,60.16
BATCH_1565,2026-06-26 02:13:30,35.92,5.44,55.92,76.03,17.15,46.9,305.49,89.88,91.2,66.4
BATCH_1566,2026-06-26 06:13:30,19.62,6.13,50.04,79.58,24.26,50.88,329.81,93.3,85.84,64.8
BATCH_1567,2026-06-26 10:13:30,29.92,7.03,66.51,96.49,13.85,46.92,384.93,83.08,80.65,56.76
BATCH_1568,2026-06-26 14:13:30,21.29,2.87,68.58,79.49,27.26,42.73,379.69,79.49,85.11,57.29
BATCH_1569,2026-06-26 18:13:30,36.48,4.94,57.65,93.08,20.07,30.02,354.1,91.06,85.01,62.74
BATCH_1570,2026-06-26 22:13:30,40.18,7.59,60.38,69.05,17.02,39.97,280.99,94.65,93.69,70.14
BATCH_1571,2026-06-27 02:13:30,56.76,3.49,45.51,101.24,18.5,34.67,487.86,76.76,68.62,45.93
BATCH_1572,2026-06-27 06:13:30,43.27,6.59,57.0,81.42,24.04,36.56,356.15,88.87,94.7,65.68
BATCH_1573,2026-06-27 10:13:30,37.81,3.29,59.5,78.88,17.08,36.25,296.05,81.02,98.45,66.08
BATCH_1574,2026-06-27 14:13:30,48.29,6.93,86.21,49.6,16.25,30.2,279.59,91.51,54.3,53.17
BATCH_1575,2026-06-27 18:13:30,17.89,5.93,48.88,80.74,18.89,20.43,254.48,91.54,82.1,65.16
BATCH_1576,2026-06-27 22:13:30,42.36,2.77,74.64,58.36,14.12,33.32,267.48,79.34,75.31,57.12
BATCH_1577,2026-06-28 02:13:30,47.71,8.33,69.97,62.23,29.1,41.93,324.09,80.9,80.57,57.92
BATCH_1578,2026-06-28 06:13:30,25.21,4.53,62.81,58.69,17.17,26.52,237.15,85.03,86.22,64.79
BATCH_1579,2026-06-28 10:13:30,51.44,4.38,77.59,53.68,24.16,40.16,284.65,91.87,69.54,59.24
BATCH_1580,2026-06-28 14:13:30,43.38,6.4,63.72,117.5,21.05,59.0,491.07,96.79,71.08,54.81
BATCH_1581,2026-06-28 18:13:30,35.85,8.3,63.89,101.63,15.08,50.23,406.84,81.66,81.77,55.9
BATCH_1582,2026-06-28 22:13:30,46.33,3.97,59.47,113.41,19.97,56.44,446.49,84.09,76.64,53.47
BATCH_1583,2026-06-29 02:13:30,62.71,6.12,72.24,50.54,23.92,43.91,274.78,88.78,73.16,59.79
BATCH_1584,2026-06-29 06:13:30,41.82,6.86,70.96,76.43,19.06,51.68,394.78,91.03,87.18,62.22
BATCH_1585,2026-06-29 10:13:30,42.48,7.39,53.74,49.13,25.97,32.76,222.87,92.04,79.47,65.38
BATCH_1586,2026-06-29 14:13:30,35.41,6.35,46.81,61.09,25.11,33.56,249.54,99.9,76.4,66.39
BATCH_1587,2026-06-29 18:13:30,31.5,5.27,57.97,56.64,24.59,12.61,200.82,89.75,88.16,68.69
BATCH_1588,2026-06-29 22:13:30,48.3,4.34,52.0,99.79,17.7,51.86,343.85,86.25,77.44,58.14
BATCH_1589,2026-06-30 02:13:30,31.44,6.17,59.36,67.08,14.6,55.4,283.57,84.83,93.61,66.09
BATCH_1590,2026-06-30 06:13:30,40.72,3.86,72.37,96.37,16.93,34.47,412.54,83.95,73.81,53.43
BATCH_1591,2026-06-30 10:13:30,35.22,1.0,55.43,87.08,20.98,37.46,304.16,88.45,87.6,64.44
BATCH_1592,2026-06-30 14:13:30,44.79,6.87,59.57,121.07,22.73,32.46,464.09,94.98,78.87,58.12
BATCH_1593,2026-06-30 18:13:30,43.34,7.81,60.58,45.41,9.14,43.83,181.94,75.2,82.73,61.34
BATCH_1594,2026-06-30 22:13:30,50.38,1.27,68.48,100.18,19.96,51.25,422.47,81.44,76.4,53.13
BATCH_1595,2026-07-01 02:13:30,34.9,3.98,37.53,97.93,20.79,22.57,258.68,87.31,57.35,53.42
BATCH_1596,2026-07-01 06:13:30,37.3,7.24,53.93,55.53,18.61,44.09,226.49,90.63,83.86,66.45
BATCH_1597,2026-07-01 10:13:30,30.21,10.11,62.11,95.14,26.46,37.23,380.27,86.32,90.01,61.96
BATCH_1598,2026-07-01 14:13:30,35.56,6.04,72.0,81.72,22.11,41.13,358.26,96.13,80.0,62.63
BATCH_1599,2026-07-01 18:13:30,43.77,4.54,55.08,70.45,26.55,44.59,336.74,85.99,90.13,63.35
BATCH_1600,2026-07-01 22:13:30,47.57,5.63,41.23,58.52,18.92,38.12,182.79,90.33,70.26,62.37
BATCH_1601,2026-07-02 02:13:30,30.78,8.75,66.2,60.62,24.69,38.96,293.86,87.47,87.43,64.33
BATCH_1602,2026-07-02 06:13:30,48.7,4.71,53.65,116.0,28.18,37.86,434.52,82.22,67.8,49.59
BATCH_1603,2026-07-02 10:13:30,53.56,4.4,48.1,75.01,26.56,49.7,319.13,79.73,81.89,58.15
BATCH_1604,2026-07-02 14:13:30,44.13,5.03,53.76,90.64,14.54,44.19,316.2,76.26,88.66,59.57
BATCH_1605,2026-07-02 18:13:30,58.77,4.09,58.15,59.18,18.73,42.21,239.19,87.05,89.79,66.96
BATCH_1606,2026-07-02 22:13:30,32.26,6.25,53.95,59.4,18.27,27.29,204.13,99.9,80.62,69.62
BATCH_1607,2026-07-03 02:13:30,27.55,9.25,37.94,96.64,22.45,36.21,264.97,89.12,62.67,56.06
BATCH_1608,2026-07-03 06:13:30,22.21,6.65,68.97,48.01,23.43,48.99,256.69,96.77,75.72,64.62
BATCH_1609,2026-07-03 10:13:30,54.96,5.5,72.75,66.7,15.81,40.38,324.19,88.1,80.11,60.62
BATCH_1610,2026-07-03 14:13:30,46.54,5.42,66.52,75.68,20.34,46.6,361.01,93.54,93.08,66.73
BATCH_1611,2026-07-03 18:13:30,39.44,2.87,48.62,77.23,9.9,57.67,267.58,72.94,87.64,59.49
BATCH_1612,2026-07-03 22:13:30,42.8,7.77,57.99,71.42,27.21,50.39,319.75,86.82,92.69,65.29
BATCH_1613,2026-07-04 02:13:30,28.75,5.84,59.93,82.92,17.44,40.93,352.9,93.52,98.65,69.23
BATCH_1614,2026-07-04 06:13:30,64.46,5.64,65.99,88.86,20.28,34.89,393.52,95.93,84.39,63.11
BATCH_1615,2026-07-04 10:13:30,41.29,12.39,66.68,89.69,18.45,14.46,341.02,80.88,81.86,57.86
BATCH_1616,2026-07-04 14:13:30,41.09,6.6,52.66,55.28,25.73,38.32,261.32,89.73,83.23,64.66
BATCH_1617,2026-07-04 18:13:30,47.26,4.5,60.82,69.32,5.81,36.74,286.99,66.79,97.02,60.12
BATCH_1618,2026-07-04 22:13:30,44.81,5.15,64.57,98.9,19.92,43.9,390.08,93.53,79.14,60.16
BATCH_1619,2026-07-05 02:13:30,42.24,8.3,74.56,92.89,19.47,38.46,423.95,94.55,71.52,56.37
BATCH_1620,2026-07-05 06:13:30,32.1,6.23,67.05,47.54,17.73,36.8,191.94,91.57,78.05,65.68
BATCH_1621,2026-07-05 10:13:30,44.71,3.12,67.89,82.03,28.63,22.21,354.56,79.58,83.61,57.58
BATCH_1622,2026-07-05 14:13:30,58.82,7.84,60.84,35.44,15.56,30.6,180.78,82.21,75.8,61.41
BATCH_1623,2026-07-05 18:13:30,53.45,4.66,74.1,75.94,23.86,44.77,392.96,96.68,81.07,62.1
BATCH_1624,2026-07-05 22:13:30,55.93,9.75,64.1,112.96,21.78,57.16,479.76,92.84,76.91,55.95
BATCH_1625,2026-07-06 02:13:30,34.89,8.16,51.39,56.04,26.31,39.02,212.83,93.22,80.01,66.41
BATCH_1626,2026-07-06 06:13:30,30.1,5.11,74.03,58.31,16.66,43.28,294.21,91.16,73.24,60.11
BATCH_1627,2026-07-06 10:13:30,38.74,8.56,66.98,90.28,16.34,49.52,408.27,83.48,83.36,57.21
BATCH_1628,2026-07-06 14:13:30,40.56,6.14,55.57,44.14,25.48,31.89,199.07,89.42,76.38,63.9
BATCH_1629,2026-07-06 18:13:30,50.94,7.71,55.21,62.34,22.13,43.67,281.46,95.05,89.98,68.8
BATCH_1630,2026-07-06 22:13:30,23.08,6.97,62.97,86.93,12.28,32.6,293.7,80.59,92.47,63.59
BATCH_1631,2026-07-07 02:13:30,55.3,4.31,64.63,62.31,17.3,48.65,303.22,87.01,86.74,63.54
BATCH_1632,2026-07-07 06:13:30,38.42,4.71,61.97,70.28,21.93,41.51,303.92,94.62,95.26,69.97
BATCH_1633,2026-07-07 10:13:30,35.73,8.06,63.11,89.88,24.19,42.98,373.25,86.04,89.08,61.71
BATCH_1634,2026-07-07 14:13:30,29.88,5.33,77.0,83.43,16.6,32.17,367.48,87.31,77.92,57.95
BATCH_1635,2026-07-07 18:13:30,23.45,5.19,70.72,80.34,5.43,47.07,310.32,67.32,83.43,54.11
BATCH_1636,2026-07-07 22:13:30,48.23,4.09,61.91,68.22,22.62,60.85,351.1,91.24,93.43,66.28
BATCH_1637,2026-07-08 02:13:30,40.73,6.85,69.41,82.4,13.9,29.92,319.94,91.09,82.7,62.99
BATCH_1638,2026-07-08 06:13:30,27.1,10.13,49.67,72.53,9.91,36.6,216.76,79.75,85.23,62.98
BATCH_1639,2026-07-08 10:13:30,27.05,3.86,63.98,84.16,5.84,42.32,301.88,69.22,89.91,57.75
BATCH_1640,2026-07-08 14:13:30,36.64,6.05,78.09,65.06,24.07,47.86,348.04,89.82,69.97,56.44
BATCH_1641,2026-07-08 18:13:30,56.69,8.82,57.82,71.35,20.64,34.4,318.38,89.95,97.18,68.38
BATCH_1642,2026-07-08 22:13:30,37.4,5.84,51.52,55.2,18.87,11.67,165.73,88.25,77.86,65.16
BATCH_1643,2026-07-09 02:13:30,24.97,6.9,53.48,74.3,26.95,53.59,696.52,93.35,94.17,55.69
BATCH_1644,2026-07-09 06:13:30,37.54,3.88,49.1,58.78,23.19,47.61,236.72,85.12,79.49,62.15
BATCH_1645,2026-07-09 10:13:30,37.27,6.86,52.15,52.72,28.08,22.57,233.79,91.49,80.87,65.35
BATCH_1646,2026-07-09 14:13:30,15.0,5.63,56.29,80.17,13.04,33.92,276.84,81.17,90.4,63.57
BATCH_1647,2026-07-09 18:13:30,39.46,7.97,45.94,79.25,19.83,55.68,276.07,92.83,80.14,64.15
BATCH_1648,2026-07-09 22:13:30,37.69,8.37,60.16,90.66,11.92,54.48,360.05,80.65,91.01,60.78
BATCH_1649,2026-07-10 02:13:30,46.96,11.18,69.02,66.38,18.85,49.39,330.06,80.91,86.07,59.93
BATCH_1650,2026-07-10 06:13:30,58.49,7.16,50.92,83.16,18.76,38.24,302.22,94.93,84.63,65.9
BATCH_1651,2026-07-10 10:13:30,51.27,6.65,75.19,86.02,23.13,40.83,730.58,99.65,76.79,50.1
BATCH_1652,2026-07-10 14:13:30,37.31,6.39,65.11,83.9,20.23,38.69,343.14,94.06,87.66,65.38
BATCH_1653,2026-07-10 18:13:30,28.93,5.29,70.31,58.49,23.12,51.28,319.97,94.11,80.36,63.26
BATCH_1654,2026-07-10 22:13:30,65.73,6.68,53.42,77.99,23.52,31.24,291.78,84.95,86.95,63.19
BATCH_1655,2026-07-11 02:13:30,40.59,5.41,68.55,82.28,30.77,31.94,408.19,79.63,88.46,57.71
BATCH_1656,2026-07-11 06:13:30,40.14,6.34,49.08,75.14,18.42,50.1,259.28,92.54,87.44,67.53
BATCH_1657,2026-07-11 10:13:30,39.76,8.64,68.9,33.27,15.29,39.56,205.94,87.84,64.1,58.13
BATCH_1658,2026-07-11 14:13:30,41.98,3.99,61.72,78.21,21.23,53.78,352.02,96.46,96.2,69.45
BATCH_1659,2026-07-11 18:13:30,38.56,8.28,65.53,119.25,15.99,33.28,457.08,89.5,72.87,53.76
BATCH_1660,2026-07-11 22:13:30,34.26,8.63,48.24,67.8,27.41,39.45,279.68,86.27,80.85,61.7
BATCH_1661,2026-07-12 02:13:30,34.53,5.76,51.05,60.44,18.58,30.78,207.83,86.12,81.93,64.51
BATCH_1662,2026-07-12 06:13:30,39.67,1.76,65.97,82.47,17.17,40.07,359.88,76.91,89.77,58.79
BATCH_1663,2026-07-12 10:13:30,34.57,4.78,50.52,81.25,17.64,25.21,217.48,86.35,86.69,66.17
BATCH_1664,2026-07-12 14:13:30,32.87,8.59,64.63,98.85,23.59,35.12,391.39,93.39,75.98,58.8
BATCH_1665,2026-07-12 18:13:30,41.06,5.95,46.33,49.84,19.21,25.64,161.53,90.92,70.52,63.43
BATCH_1666,2026-07-12 22:13:30,37.45,4.0,68.48,89.63,16.79,46.94,369.87,85.75,85.36,60.22
BATCH_1667,2026-07-13 02:13:30,55.04,4.99,47.67,86.81,28.33,47.17,338.11,79.34,75.32,54.72
BATCH_1668,2026-07-13 06:13:30,15.0,7.68,65.52,72.16,15.72,22.7,278.23,87.78,89.73,65.9
BATCH_1669,2026-07-13 10:13:30,50.92,7.09,66.26,81.77,20.18,53.34,393.0,95.34,89.64,64.99
BATCH_1670,2026-07-13 14:13:30,52.46,5.52,53.03,95.59,23.26,64.97,404.22,99.8,82.21,63.42
BATCH_1671,2026-07-13 18:13:30,19.27,5.27,65.82,92.45,11.84,40.46,342.22,79.88,81.95,57.45
BATCH_1672,2026-07-13 22:13:30,36.57,5.22,62.6,52.14,22.4,33.59,247.23,91.32,84.94,66.45
BATCH_1673,2026-07-14 02:13:30,36.29,4.16,54.61,91.4,14.72,68.24,349.98,84.6,88.18,61.57
BATCH_1674,2026-07-14 06:13:30,25.92,9.23,49.91,73.71,24.11,26.81,262.67,92.62,82.68,65.54
BATCH_1675,2026-07-14 10:13:30,32.22,5.36,40.37,76.46,15.19,40.2,230.95,82.11,75.59,59.58
BATCH_1676,2026-07-14 14:13:30,28.89,8.43,63.5,76.46,23.46,41.8,336.12,97.37,91.08,68.31
BATCH_1677,2026-07-14 18:13:30,57.52,9.04,44.35,72.0,25.53,53.45,284.12,85.45,76.16,59.34
BATCH_1678,2026-07-14 22:13:30,49.36,8.0,60.95,98.83,24.31,43.6,400.88,94.14,87.94,63.56
BATCH_1679,2026-07-15 02:13:30,52.72,5.14,57.37,73.33,21.26,35.01,287.97,94.32,92.94,69.47
BATCH_1680,2026-07-15 06:13:30,47.22,6.81,66.79,52.61,18.84,30.49,240.53,96.25,80.96,67.06
BATCH_1681,2026-07-15 10:13:30,28.71,5.95,56.98,67.13,17.12,36.58,259.72,87.45,95.17,68.57
BATCH_1682,2026-07-15 14:13:30,34.75,4.19,56.71,78.57,27.36,29.93,316.38,76.97,94.11,62.03
BATCH_1683,2026-07-15 18:13:30,44.89,6.65,67.32,99.58,16.5,40.48,410.31,86.71,77.13,55.94
BATCH_1684,2026-07-15 22:13:30,27.78,3.64,63.35,87.06,14.81,34.36,330.62,83.1,89.87,62.3
BATCH_1685,2026-07-16 02:13:30,47.13,8.38,63.16,57.99,23.33,25.06,255.61,89.85,87.31,66.53
BATCH_1686,2026-07-16 06:13:30,37.6,5.07,64.69,124.7,16.02,52.55,481.78,86.12,66.23,48.92
BATCH_1687,2026-07-16 10:13:30,36.25,6.4,44.64,80.3,15.25,35.02,226.21,82.56,77.71,60.77
BATCH_1688,2026-07-16 14:13:30,47.11,6.57,67.57,100.51,12.78,27.32,364.71,80.89,78.85,55.85
BATCH_1689,2026-07-16 18:13:30,44.44,5.48,66.12,71.97,17.59,38.32,303.64,97.17,88.73,68.39
BATCH_1690,2026-07-16 22:13:30,36.39,7.17,49.83,85.67,19.59,40.68,302.49,97.05,81.07,65.32
BATCH_1691,2026-07-17 02:13:30,51.59,5.05,57.56,91.79,21.22,22.54,317.67,90.09,92.72,66.68
BATCH_1692,2026-07-17 06:13:30,29.19,7.74,59.61,99.36,24.76,43.32,392.96,91.93,85.49,61.96
BATCH_1693,2026-07-17 10:13:30,46.16,3.31,58.66,96.15,22.63,29.53,365.52,92.74,86.03,63.43
BATCH_1694,2026-07-17 14:13:30,45.93,6.25,63.34,92.44,19.05,57.11,410.56,93.97,86.23,62.48
BATCH_1695,2026-07-17 18:13:30,36.9,9.88,74.31,68.7,19.01,45.24,326.32,93.48,76.89,61.41
BATCH_1696,2026-07-17 22:13:30,43.26,4.0,70.82,63.57,22.55,36.0,326.61,91.44,81.65,62.48
BATCH_1697,2026-07-18 02:13:30,27.49,4.64,46.88,81.65,26.36,32.55,290.68,80.11,79.25,58.22
BATCH_1698,2026-07-18 06:13:30,49.24,7.03,66.22,93.66,20.63,38.95,382.08,93.48,85.34,62.89
BATCH_1699,2026-07-18 10:13:30,38.15,6.36,73.29,70.55,17.65,46.13,330.38,83.63,80.01,58.58
BATCH_1700,2026-07-18 14:13:30,34.77,6.7,63.87,96.3,15.04,39.75,390.6,84.31,79.8,56.72
BATCH_1701,2026-07-18 18:13:30,50.49,6.98,70.91,104.05,12.77,37.83,430.62,81.04,73.37,51.48
BATCH_1702,2026-07-18 22:13:30,32.96,7.27,80.12,56.67,23.33,40.58,285.97,89.54,67.21,57.33
BATCH_1703,2026-07-19 02:13:30,25.92,8.22,70.24,58.26,22.89,33.96,258.76,93.09,79.77,64.7
BATCH_1704,2026-07-19 06:13:30,24.43,6.82,62.49,72.19,22.89,36.57,301.01,96.87,94.34,70.61
BATCH_1705,2026-07-19 10:13:30,46.06,5.52,70.45,81.15,19.36,19.14,321.09,87.97,85.51,62.83
BATCH_1706,2026-07-19 14:13:30,27.2,7.35,61.45,64.51,27.03,49.74,313.17,85.4,91.17,64.34
BATCH_1707,2026-07-19 18:13:30,57.55,9.8,60.24,102.04,17.58,42.99,397.07,87.21,83.5,59.14
BATCH_1708,2026-07-19 22:13:30,19.18,5.73,56.49,83.48,24.78,32.27,331.25,93.47,89.47,66.27
BATCH_1709,2026-07-20 02:13:30,56.96,4.05,75.63,75.79,19.81,58.99,404.2,88.39,83.38,59.33
BATCH_1710,2026-07-20 06:13:30,42.11,8.21,51.82,46.28,16.96,40.87,212.5,85.51,72.83,60.47
BATCH_1711,2026-07-20 10:13:30,39.03,5.76,75.32,48.68,22.96,29.64,278.75,91.68,65.58,57.78
BATCH_1712,2026-07-20 14:13:30,34.55,1.65,65.0,80.62,22.05,48.57,386.47,91.51,88.53,63.23
BATCH_1713,2026-07-20 18:13:30,43.99,7.69,46.01,32.35,21.78,43.98,177.33,90.55,60.14,58.6
BATCH_1714,2026-07-20 22:13:30,39.62,4.93,63.68,95.25,20.41,43.95,365.37,93.39,84.02,62.9
BATCH_1715,2026-07-21 02:13:30,51.03,5.82,39.0,71.84,19.81,35.74,229.16,93.15,70.15,61.88
BATCH_1716,2026-07-21 06:13:30,41.14,6.66,66.26,139.86,31.94,44.5,613.35,85.12,55.22,39.64
BATCH_1717,2026-07-21 10:13:30,41.5,6.38,68.85,121.16,25.92,37.38,514.16,82.79,67.2,46.88
BATCH_1718,2026-07-21 14:13:30,36.36,7.42,54.08,71.37,23.61,45.56,323.39,94.01,87.92,66.13
BATCH_1719,2026-07-21 18:13:30,39.43,5.13,61.24,72.87,20.56,20.95,290.19,94.65,96.63,71.0
BATCH_1720,2026-07-21 22:13:30,43.08,7.03,79.54,94.91,25.04,35.66,478.96,90.8,65.85,50.74
BATCH_1721,2026-07-22 02:13:30,22.9,5.48,54.94,109.06,22.59,57.22,741.4,91.77,78.97,47.46
BATCH_1722,2026-07-22 06:13:30,26.52,7.48,49.41,42.24,20.13,32.33,174.68,94.8,70.48,64.53
BATCH_1723,2026-07-22 10:13:30,47.43,7.23,74.82,39.27,18.48,33.96,356.29,89.74,65.35,54.28
BATCH_1724,2026-07-22 14:13:30,41.71,4.13,79.63,62.56,19.6,35.52,318.12,91.13,70.16,58.05
BATCH_1725,2026-07-22 18:13:30,38.16,8.17,60.04,86.65,5.0,27.85,308.3,71.63,95.32,60.66
BATCH_1726,2026-07-22 22:13:30,40.18,4.93,70.11,84.94,21.05,17.92,335.92,98.47,82.79,65.44
BATCH_1727,2026-07-23 02:13:30,43.48,7.62,73.41,96.4,17.56,37.69,425.17,94.08,73.02,56.74
BATCH_1728,2026-07-23 06:13:30,34.6,6.73,52.58,51.01,27.96,41.36,228.23,83.1,77.9,60.99
BATCH_1729,2026-07-23 10:13:30,32.22,9.68,55.15,28.68,20.1,39.47,185.41,84.87,73.24,61.29
BATCH_1730,2026-07-23 14:13:30,41.96,5.55,72.31,92.16,14.06,38.55,422.75,82.99,78.54,54.6
BATCH_1731,2026-07-23 18:13:30,30.22,5.3,76.85,58.44,19.75,40.43,290.27,86.24,69.77,56.89
BATCH_1732,2026-07-23 22:13:30,44.08,5.96,65.63,34.63,14.77,50.23,197.24,85.56,73.66,61.33
BATCH_1733,2026-07-24 02:13:30,22.97,5.39,51.2,77.9,22.37,38.1,268.88,94.97,84.84,67.14
BATCH_1734,2026-07-24 06:13:30,50.29,7.6,79.87,90.86,21.45,34.26,456.04,95.81,66.77,53.89
BATCH_1735,2026-07-24 10:13:30,44.73,2.77,54.69,72.56,24.79,37.19,302.17,85.73,90.19,64.45
BATCH_1736,2026-07-24 14:13:30,42.56,3.89,56.65,65.84,16.05,45.79,278.73,83.5,87.58,63.31
BATCH_1737,2026-07-24 18:13:30,49.83,3.86,63.42,71.81,20.17,54.12,344.95,85.55,93.92,64.42
BATCH_1738,2026-07-24 22:13:30,56.65,7.9,75.54,67.59,13.17,33.72,363.18,82.51,77.79,56.13
BATCH_1739,2026-07-25 02:13:30,50.14,9.42,68.54,48.04,23.51,40.99,251.37,88.76,73.53,60.72
BATCH_1740,2026-07-25 06:13:30,21.59,5.79,64.15,60.71,22.59,43.38,519.17,91.6,85.86,57.69
BATCH_1741,2026-07-25 10:13:30,27.2,5.66,64.63,85.43,22.48,30.07,337.85,93.44,88.6,65.69
BATCH_1742,2026-07-25 14:13:30,33.75,6.14,60.44,81.43,20.01,40.2,303.78,96.2,92.48,69.5
BATCH_1743,2026-07-25 18:13:30,40.26,8.32,65.58,78.36,22.07,25.34,299.45,99.3,91.05,70.31
BATCH_1744,2026-07-25 22:13:30,45.18,4.15,34.7,55.1,28.02,22.31,153.19,82.81,58.63,55.72
BATCH_1745,2026-07-26 02:13:30,32.74,6.48,57.03,71.37,18.57,43.67,270.95,92.33,93.58,69.51
BATCH_1746,2026-07-26 06:13:30,41.87,7.95,62.41,31.46,20.69,36.16,164.65,93.88,76.2,66.79
BATCH_1747,2026-07-26 10:13:30,32.45,7.0,48.49,78.57,14.57,42.02,263.47,86.9,83.25,63.45
BATCH_1748,2026-07-26 14:13:30,33.88,6.38,63.86,103.58,15.66,39.82,389.97,79.5,77.28,53.81
BATCH_1749,2026-07-26 18:13:30,25.93,8.0,57.96,45.52,20.49,30.24,191.73,97.72,80.92,69.29
BATCH_1750,2026-07-26 22:13:30,30.77,1.0,77.55,63.28,25.52,39.55,354.93,86.69,72.01,55.77
BATCH_1751,2026-07-27 02:13:30,26.48,7.36,75.73,81.58,18.72,27.67,352.09,91.37,77.16,59.8
BATCH_1752,2026-07-27 06:13:30,30.24,4.69,55.34,100.06,18.82,53.91,818.84,89.74,80.22,44.51
BATCH_1753,2026-07-27 10:13:30,50.54,2.34,58.49,66.04,17.97,26.44,261.88,81.68,91.21,64.6
BATCH_1754,2026-07-27 14:13:30,30.51,7.02,59.26,61.15,17.33,38.04,220.06,89.19,89.97,68.54
BATCH_1755,2026-07-27 18:13:30,66.32,8.75,55.48,35.62,21.47,29.58,359.29,89.87,74.55,57.91
BATCH_1756,2026-07-27 22:13:30,44.93,5.73,61.95,77.07,12.51,45.7,312.13,85.74,94.98,66.03
BATCH_1757,2026-07-28 02:13:30,41.85,7.91,52.42,115.84,26.4,36.69,409.4,91.25,68.52,54.35
BATCH_1758,2026-07-28 06:13:30,31.42,9.22,48.69,80.55,16.67,34.81,289.21,84.27,84.67,62.1
BATCH_1759,2026-07-28 10:13:30,47.0,8.63,66.23,74.55,23.61,48.53,364.41,90.01,90.97,64.36
BATCH_1760,2026-07-28 14:13:30,34.24,9.28,66.3,81.44,13.65,40.29,768.82,74.33,92.55,44.98
BATCH_1761,2026-07-28 18:13:30,41.22,7.48,51.96,74.78,23.34,45.17,296.29,92.15,88.27,66.45
BATCH_1762,2026-07-28 22:13:30,65.6,6.15,68.95,58.74,23.36,30.19,296.19,94.43,78.8,63.58
BATCH_1763,2026-07-29 02:13:30,39.04,2.8,53.68,91.47,21.92,25.95,335.55,92.14,81.69,62.48
BATCH_1764,2026-07-29 06:13:30,51.49,5.51,62.53,79.52,15.03,41.07,291.88,86.25,94.49,66.73
BATCH_1765,2026-07-29 10:13:30,32.97,4.31,68.2,75.35,21.25,36.81,342.23,93.28,88.36,65.38
BATCH_1766,2026-07-29 14:13:30,39.65,10.34,59.66,55.49,14.08,46.26,269.53,77.48,86.0,60.58
BATCH_1767,2026-07-29 18:13:30,57.71,5.65,64.55,101.07,18.74,39.2,418.03,89.63,77.68,57.07
BATCH_1768,2026-07-29 22:13:30,33.73,6.25,54.84,88.29,25.15,42.05,368.3,95.74,86.21,64.62
BATCH_1769,2026-07-30 02:13:30,58.12,7.1,58.04,63.94,23.98,23.77,250.77,96.13,90.83,70.61
BATCH_1770,2026-07-30 06:13:30,47.08,6.09,57.94,95.04,20.08,58.88,392.96,90.66,84.29,60.98
BATCH_1771,2026-07-30 10:13:30,34.38,9.39,52.53,65.05,15.13,38.36,234.97,81.85,88.07,64.33
BATCH_1772,2026-07-30 14:13:30,46.32,4.75,58.23,59.36,23.23,46.98,250.02,89.96,89.7,67.72
BATCH_1773,2026-07-30 18:13:30,49.73,6.39,44.51,59.81,20.1,31.64,191.32,92.78,70.15,63.02
BATCH_1774,2026-07-30 22:13:30,46.22,4.52,55.09,39.58,8.4,43.08,144.62,67.75,73.45,55.91
BATCH_1775,2026-07-31 02:13:30,24.3,3.36,57.15,84.43,23.91,26.97,317.34,87.14,90.13,64.47
BATCH_1776,2026-07-31 06:13:30,32.73,4.78,57.44,38.38,19.88,44.52,210.46,91.53,80.63,66.06
BATCH_1777,2026-07-31 10:13:30,37.52,5.93,57.59,50.43,26.01,36.44,244.66,92.58,83.92,66.63
BATCH_1778,2026-07-31 14:13:30,39.26,5.14,59.38,33.49,14.52,40.29,178.23,82.32,78.68,62.69
BATCH_1779,2026-07-31 18:13:30,46.21,4.62,64.79,73.28,5.0,46.98,276.84,75.05,91.72,61.65
BATCH_1780,2026-07-31 22:13:30,41.78,3.19,68.75,71.99,21.4,27.67,333.75,90.02,88.62,64.47
BATCH_1781,2026-08-01 02:13:30,26.65,5.83,53.5,68.47,21.46,33.16,465.79,95.47,89.99,62.71
BATCH_1782,2026-08-01 06:13:30,43.8,2.99,47.97,54.15,11.55,44.57,193.81,78.39,78.27,60.43
BATCH_1783,2026-08-01 10:13:30,46.11,7.52,49.58,51.56,15.11,60.98,220.58,89.41,72.33,61.55
BATCH_1784,2026-08-01 14:13:30,45.6,6.16,55.13,84.29,33.78,38.62,369.75,76.24,89.31,58.0
BATCH_1785,2026-08-01 18:13:30,50.81,3.08,56.48,63.99,18.47,45.91,267.64,84.19,88.96,64.51
BATCH_1786,2026-08-01 22:13:30,48.34,5.38,52.3,81.33,23.65,38.93,325.16,91.98,86.6,64.73
BATCH_1787,2026-08-02 02:13:30,44.59,4.5,47.04,57.3,16.75,59.42,219.68,84.19,76.73,61.25
BATCH_1788,2026-08-02 06:13:30,39.3,6.64,55.44,78.62,9.55,22.53,238.31,78.32,94.23,65.27
BATCH_1789,2026-08-02 10:13:30,23.39,8.68,61.81,101.07,19.15,40.95,397.1,86.63,85.8,59.83
BATCH_1790,2026-08-02 14:13:30,44.3,2.25,65.95,86.72,18.67,23.74,342.26,83.14,87.44,60.95
BATCH_1791,2026-08-02 18:13:30,42.08,6.23,54.43,66.75,18.0,14.93,217.39,94.84,87.45,69.88
BATCH_1792,2026-08-02 22:13:30,42.72,5.68,55.87,80.14,19.43,42.97,325.38,86.61,93.06,65.16
BATCH_1793,2026-08-03 02:13:30,27.23,7.34,50.73,70.19,21.32,41.39,253.15,95.19,81.98,66.61
BATCH_1794,2026-08-03 06:13:30,29.19,6.43,59.69,75.16,19.25,37.15,293.09,94.49,96.49,70.78
BATCH_1795,2026-08-03 10:13:30,50.53,4.5,51.52,68.49,13.68,38.94,265.28,84.27,83.95,62.62
BATCH_1796,2026-08-03 14:13:30,39.6,5.36,65.73,71.71,22.43,70.98,405.96,92.89,90.72,64.0
BATCH_1797,2026-08-03 18:13:30,46.82,4.41,42.14,79.24,10.25,37.42,244.65,75.55,72.42,55.22
BATCH_1798,2026-08-03 22:13:30,40.28,8.15,56.4,55.13,9.75,45.1,206.57,72.6,85.19,60.44
BATCH_1799,2026-08-04 02:13:30,40.3,6.04,63.01,54.68,23.7,33.51,274.41,94.58,85.29,66.97
BATCH_1800,2026-08-04 06:13:30,49.38,9.8,61.84,47.23,22.54,42.95,233.92,94.1,82.57,67.07
BATCH_1801,2026-08-04 10:13:30,34.84,5.88,86.93,42.99,19.71,37.62,250.02,89.64,50.0,51.71
BATCH_1802,2026-08-04 14:13:30,40.96,4.58,63.5,50.65,13.02,35.89,183.44,76.92,81.36,61.43
BATCH_1803,2026-08-04 18:13:30,35.38,2.97,49.96,78.19,16.46,58.19,314.72,81.13,86.31,60.63
BATCH_1804,2026-08-04 22:13:30,35.66,2.39,59.05,57.14,18.69,51.77,250.97,81.79,89.99,64.53
BATCH_1805,2026-08-05 02:13:30,36.91,2.83,42.24,85.27,12.02,41.37,236.42,74.81,71.27,54.75
BATCH_1806,2026-08-05 06:13:30,42.22,6.53,59.19,75.69,16.3,16.96,253.61,87.82,96.26,69.36
BATCH_1807,2026-08-05 10:13:30,35.21,7.02,51.67,35.63,23.26,36.39,187.8,92.58,70.1,63.04
BATCH_1808,2026-08-05 14:13:30,52.56,2.84,69.15,88.1,27.14,67.03,470.78,80.09,84.64,54.25
BATCH_1809,2026-08-05 18:13:30,31.05,7.79,54.5,91.22,17.9,37.69,298.52,90.78,84.71,64.4
BATCH_1810,2026-08-05 22:13:30,38.13,5.03,58.83,55.12,23.78,51.03,284.93,87.34,86.41,64.17
BATCH_1811,2026-08-06 02:13:30,35.6,6.29,53.64,83.4,10.43,54.42,265.41,86.33,83.56,63.29
BATCH_1812,2026-08-06 06:13:30,54.47,9.22,77.39,57.87,23.3,42.19,317.23,85.45,71.96,56.54
BATCH_1813,2026-08-06 10:13:30,41.97,7.79,56.79,76.95,15.98,31.58,248.25,92.5,95.02,70.92
BATCH_1814,2026-08-06 14:13:30,50.32,5.46,78.33,49.71,21.54,15.65,225.44,96.11,65.14,61.19
BATCH_1815,2026-08-06 18:13:30,25.14,4.22,68.14,39.14,18.76,46.84,218.9,87.7,68.59,59.43
BATCH_1816,2026-08-06 22:13:30,42.67,1.7,64.82,67.34,26.6,31.85,277.92,80.93,89.46,63.06
BATCH_1817,2026-08-07 02:13:30,48.9,4.56,63.69,72.53,15.63,41.76,285.39,80.55,95.15,64.93
BATCH_1818,2026-08-07 06:13:30,40.82,5.58,63.94,67.05,23.14,27.5,285.62,96.62,89.18,68.96
BATCH_1819,2026-08-07 10:13:30,50.65,4.03,40.72,51.32,18.6,37.35,273.65,86.17,64.84,55.45
BATCH_1820,2026-08-07 14:13:30,34.83,5.74,57.21,67.0,19.21,40.34,300.94,93.02,94.1,68.97
BATCH_1821,2026-08-07 18:13:30,54.09,6.15,68.45,80.39,19.08,42.69,394.84,91.04,87.95,62.53
BATCH_1822,2026-08-07 22:13:30,62.99,5.55,59.51,74.1,15.77,28.85,275.37,85.95,94.5,67.17
BATCH_1823,2026-08-08 02:13:30,36.37,4.7,45.95,78.65,19.93,51.97,697.21,90.02,79.54,48.48
BATCH_1824,2026-08-08 06:13:30,35.54,6.34,59.48,61.6,19.69,34.03,265.79,94.85,91.45,69.84
BATCH_1825,2026-08-08 10:13:30,54.53,6.88,77.04,98.43,21.21,23.26,1010.99,98.11,67.33,36.18
BATCH_1826,2026-08-08 14:13:30,55.8,3.82,72.47,51.48,20.42,38.91,255.56,88.41,71.69,59.71
BATCH_1827,2026-08-08 18:13:30,34.77,8.82,59.38,84.75,23.99,40.34,346.26,88.54,92.82,65.13
BATCH_1828,2026-08-08 22:13:30,35.8,5.8,69.51,98.64,24.62,41.61,440.08,93.47,75.18,56.86
BATCH_1829,2026-08-09 02:13:30,37.18,6.04,56.33,84.62,14.75,53.62,313.66,87.8,89.56,64.64
BATCH_1830,2026-08-09 06:13:30,26.56,7.42,42.96,70.95,24.34,37.64,245.61,91.81,74.79,62.64
BATCH_1831,2026-08-09 10:13:30,30.81,6.47,50.76,64.43,14.07,38.8,211.34,85.13,82.58,64.25
BATCH_1832,2026-08-09 14:13:30,29.96,7.91,75.63,95.72,22.94,28.97,412.83,92.29,71.84,55.97
BATCH_1833,2026-08-09 18:13:30,32.32,6.57,57.26,46.54,23.1,48.21,240.12,98.22,82.71,68.56
BATCH_1834,2026-08-09 22:13:30,39.65,4.78,57.57,55.6,10.44,41.84,220.6,81.55,90.34,65.61
BATCH_1835,2026-08-10 02:13:30,42.34,6.72,57.0,67.05,20.46,35.8,253.23,96.74,87.37,69.39
BATCH_1836,2026-08-10 06:13:30,55.51,3.71,79.04,99.75,17.66,20.95,465.5,87.21,62.05,48.24
BATCH_1837,2026-08-10 10:13:30,30.02,6.22,76.26,82.6,16.21,54.44,713.0,87.98,77.35,46.26
BATCH_1838,2026-08-10 14:13:30,49.84,5.93,82.19,55.64,26.75,27.72,304.23,90.65,63.26,55.57
BATCH_1839,2026-08-10 18:13:30,37.86,5.58,58.41,68.79,16.73,34.09,261.6,85.04,95.26,67.58
BATCH_1840,2026-08-10 22:13:30,39.51,5.74,62.96,62.71,15.97,43.58,263.3,87.3,86.22,64.81
BATCH_1841,2026-08-11 02:13:30,46.75,2.24,44.83,60.8,20.38,28.03,196.91,85.59,76.54,62.51
BATCH_1842,2026-08-11 06:13:30,28.77,4.9,74.77,94.58,23.43,25.06,443.01,91.19,71.26,54.28
BATCH_1843,2026-08-11 10:13:30,43.82,6.19,48.32,47.57,19.29,18.76,153.03,91.72,71.49,64.43
BATCH_1844,2026-08-11 14:13:30,41.66,6.32,62.17,107.18,25.83,47.21,488.16,90.96,78.66,55.61
BATCH_1845,2026-08-11 18:13:30,44.92,3.94,49.03,91.56,22.65,34.55,316.09,89.38,77.76,60.46
BATCH_1846,2026-08-11 22:13:30,42.89,8.53,54.11,96.82,9.11,69.27,335.25,77.99,84.54,57.97
BATCH_1847,2026-08-12 02:13:30,64.55,4.27,51.63,65.74,17.35,30.06,250.85,81.37,84.83,62.3
BATCH_1848,2026-08-12 06:13:30,33.62,7.94,53.92,72.0,17.19,30.79,291.22,89.62,92.15,67.16
BATCH_1849,2026-08-12 10:13:30,34.69,6.85,54.61,46.34,22.4,34.35,190.5,99.9,78.04,69.05
BATCH_1850,2026-08-12 14:13:30,33.77,4.71,54.52,64.51,6.88,42.43,199.26,70.16,84.31,59.37
BATCH_1851,2026-08-12 18:13:30,34.45,9.55,68.33,84.87,32.75,35.3,388.35,79.33,87.54,57.9
BATCH_1852,2026-08-12 22:13:30,33.63,3.61,48.95,100.92,22.66,46.12,347.9,88.25,74.38,57.58
BATCH_1853,2026-08-13 02:13:30,51.89,7.84,62.21,52.86,20.74,30.21,214.6,87.81,86.39,66.74
BATCH_1854,2026-08-13 06:13:30,54.21,8.0,72.18,67.69,25.91,26.18,326.0,92.5,81.49,62.87
BATCH_1855,2026-08-13 10:13:30,34.29,4.66,54.87,71.97,31.72,22.02,681.75,77.74,89.85,48.22
BATCH_1856,2026-08-13 14:13:30,31.68,8.78,52.82,47.08,24.35,17.76,177.07,96.17,76.77,67.51
BATCH_1857,2026-08-13 18:13:30,44.71,5.5,57.69,86.83,24.74,34.82,337.37,89.52,89.49,64.49
BATCH_1858,2026-08-13 22:13:30,34.48,6.58,71.8,60.52,20.65,36.99,286.34,97.79,78.85,65.28
BATCH_1859,2026-08-14 02:13:30,46.33,6.52,61.94,71.09,19.29,33.69,308.81,94.85,94.26,69.5
BATCH_1860,2026-08-14 06:13:30,42.03,5.73,54.69,65.96,17.62,52.43,262.91,92.2,86.55,66.91
BATCH_1861,2026-08-14 10:13:30,24.84,7.62,64.84,59.21,15.87,52.28,298.46,85.36,86.76,63.06
BATCH_1862,2026-08-14 14:13:30,55.48,7.59,48.98,74.86,16.56,36.65,288.63,85.65,84.14,62.46
BATCH_1863,2026-08-14 18:13:30,57.96,2.5,66.81,70.69,13.25,22.06,292.36,75.81,88.56,60.16
BATCH_1864,2026-08-14 22:13:30,33.87,8.61,64.09,67.56,19.62,34.33,287.15,93.81,88.29,67.43
BATCH_1865,2026-08-15 02:13:30,36.12,2.68,56.92,60.43,11.58,34.0,237.0,68.95,88.42,59.24
BATCH_1866,2026-08-15 06:13:30,42.86,8.07,51.61,81.39,20.95,33.43,303.94,96.55,84.98,66.63
BATCH_1867,2026-08-15 10:13:30,43.34,8.25,51.13,108.07,19.82,33.02,338.24,98.71,71.9,61.1
BATCH_1868,2026-08-15 14:13:30,46.59,3.82,65.35,77.8,20.73,33.47,325.1,88.36,91.38,65.2
BATCH_1869,2026-08-15 18:13:30,60.1,5.18,72.29,94.92,17.39,36.13,403.58,90.76,73.77,56.45
BATCH_1870,2026-08-15 22:13:30,38.23,3.79,53.63,47.2,35.38,33.64,552.68,68.53,76.38,43.54
BATCH_1871,2026-08-16 02:13:30,32.02,5.57,64.58,78.16,26.8,42.08,368.61,89.08,94.42,65.23
BATCH_1872,2026-08-16 06:13:30,26.21,5.38,39.13,53.05,13.78,43.6,144.71,80.62,60.11,55.73
BATCH_1873,2026-08-16 10:13:30,32.69,7.56,54.15,45.46,21.16,30.89,184.92,91.42,80.93,67.01
BATCH_1874,2026-08-16 14:13:30,39.67,8.62,59.69,60.21,16.96,52.71,250.85,90.83,92.6,69.2
BATCH_1875,2026-08-16 18:13:30,57.95,8.79,50.9,98.84,14.93,30.2,303.11,85.51,76.35,58.79
BATCH_1876,2026-08-16 22:13:30,34.82,4.88,50.63,94.0,13.3,23.82,289.01,80.93,77.44,57.87
BATCH_1877,2026-08-17 02:13:30,42.24,5.58,53.32,79.86,22.16,43.81,300.7,90.31,85.4,64.42
BATCH_1878,2026-08-17 06:13:30,39.84,2.63,62.92,44.35,16.59,31.83,197.17,83.13,83.88,64.45
BATCH_1879,2026-08-17 10:13:30,51.88,4.39,58.13,71.07,24.84,43.21,293.97,90.3,95.8,68.8
BATCH_1880,2026-08-17 14:13:30,65.27,7.93,37.62,81.03,24.97,15.96,219.74,90.25,73.38,62.33
BATCH_1881,2026-08-17 18:13:30,34.69,9.23,38.79,78.51,26.87,53.92,284.88,87.96,71.73,58.55
BATCH_1882,2026-08-17 22:13:30,35.11,3.53,53.93,38.12,15.74,46.72,168.25,81.21,72.74,60.21
BATCH_1883,2026-08-18 02:13:30,50.44,4.82,64.58,57.19,22.38,25.0,251.8,97.72,81.42,67.45
BATCH_1884,2026-08-18 06:13:30,46.82,5.95,32.52,73.72,23.16,25.21,192.72,87.51,65.15,58.86
BATCH_1885,2026-08-18 10:13:30,58.47,6.56,55.0,85.73,17.63,56.72,332.77,94.61,85.55,65.11
BATCH_1886,2026-08-18 14:13:30,45.84,4.38,54.74,31.08,16.14,32.63,127.96,84.94,69.56,61.8
BATCH_1887,2026-08-18 18:13:30,36.41,6.85,73.88,71.76,28.05,31.66,381.41,88.72,81.59,59.51
BATCH_1888,2026-08-18 22:13:30,45.91,5.05,56.15,77.86,21.14,17.34,261.37,87.07,95.77,68.6
BATCH_1889,2026-08-19 02:13:30,51.09,5.97,63.83,91.99,23.18,36.49,385.36,98.15,85.36,64.66
BATCH_1890,2026-08-19 06:13:30,48.2,7.09,61.41,88.86,15.89,37.72,360.06,82.7,93.36,62.54
BATCH_1891,2026-08-19 10:13:30,45.07,6.01,38.69,86.65,13.9,47.15,295.57,81.61,65.02,52.96
BATCH_1892,2026-08-19 14:13:30,50.67,5.13,67.68,59.0,17.15,26.01,242.02,85.73,82.11,63.26
BATCH_1893,2026-08-19 18:13:30,51.69,5.78,62.15,36.84,19.38,24.8,185.53,94.59,74.94,65.86
BATCH_1894,2026-08-19 22:13:30,53.82,5.82,65.08,67.14,14.68,44.51,287.04,82.95,89.93,63.75
BATCH_1895,2026-08-20 02:13:30,46.49,5.26,95.0,95.03,19.95,50.07,546.48,93.62,50.0,43.23
BATCH_1896,2026-08-20 06:13:30,38.33,5.48,39.16,102.87,11.56,24.29,232.23,75.5,59.64,50.51
BATCH_1897,2026-08-20 10:13:30,41.47,9.2,77.25,89.21,14.4,50.82,406.95,85.12,71.29,53.08
BATCH_1898,2026-08-20 14:13:30,52.07,7.12,57.13,83.59,23.35,40.38,339.6,96.06,92.12,68.08
BATCH_1899,2026-08-20 18:13:30,31.83,5.41,62.87,82.59,23.02,50.92,347.21,94.96,90.97,66.92
BATCH_1900,2026-08-20 22:13:30,43.69,7.39,59.54,63.88,18.04,39.3,282.94,94.24,94.74,70.33
BATCH_1901,2026-08-21 02:13:30,36.07,5.33,55.76,72.4,14.91,14.78,238.33,81.81,95.03,66.98
BATCH_1902,2026-08-21 06:13:30,40.29,8.35,54.3,108.38,14.86,38.48,366.5,83.0,72.99,54.29
BATCH_1903,2026-08-21 10:13:30,52.78,6.74,63.3,56.15,18.13,50.6,270.5,88.05,84.17,64.04
BATCH_1904,2026-08-21 14:13:30,41.91,5.79,44.83,107.3,23.22,31.06,313.65,99.08,64.51,59.13
BATCH_1905,2026-08-21 18:13:30,40.46,6.9,67.51,68.56,24.64,36.12,327.16,90.64,83.44,62.86
BATCH_1906,2026-08-21 22:13:30,26.4,2.86,55.84,101.51,17.52,38.24,332.73,75.48,81.29,55.75
BATCH_1907,2026-08-22 02:13:30,47.46,3.75,48.7,46.86,14.23,11.0,145.0,81.2,68.73,59.39
BATCH_1908,2026-08-22 06:13:30,46.45,3.61,55.5,86.72,21.34,56.71,347.79,84.55,87.39,61.31
BATCH_1909,2026-08-22 10:13:30,61.63,6.29,72.57,60.26,15.88,30.99,275.5,88.18,78.6,61.7
BATCH_1910,2026-08-22 14:13:30,36.92,9.47,54.65,46.69,17.41,45.06,177.15,90.3,74.73,64.34
BATCH_1911,2026-08-22 18:13:30,42.19,10.46,63.58,79.37,26.63,39.13,376.88,85.05,90.53,61.78
BATCH_1912,2026-08-22 22:13:30,42.49,7.28,52.69,95.19,24.14,52.58,363.24,91.1,80.38,60.6
BATCH_1913,2026-08-23 02:13:30,55.77,7.0,67.58,58.1,20.79,44.06,314.94,98.7,80.0,65.13
BATCH_1914,2026-08-23 06:13:30,39.05,2.4,66.86,45.02,13.64,37.65,227.13,78.06,76.59,58.49
BATCH_1915,2026-08-23 10:13:30,42.79,4.91,78.49,73.16,21.06,31.06,341.55,90.63,74.24,58.69
BATCH_1916,2026-08-23 14:13:30,46.08,4.42,58.24,73.25,25.31,47.98,317.2,87.87,99.9,68.68
BATCH_1917,2026-08-23 18:13:30,41.87,4.76,66.69,85.97,18.12,21.27,376.81,85.95,87.53,60.94
BATCH_1918,2026-08-23 22:13:30,35.54,5.66,60.98,93.99,26.76,46.46,430.06,87.48,86.37,59.28
BATCH_1919,2026-08-24 02:13:30,41.94,5.06,72.96,73.81,26.46,29.01,351.17,85.98,83.35,60.15
BATCH_1920,2026-08-24 06:13:30,50.74,2.04,52.81,112.11,28.32,52.52,444.25,79.9,71.4,49.78
BATCH_1921,2026-08-24 10:13:30,29.73,7.5,67.45,79.48,21.53,41.61,345.13,95.6,90.51,67.07
BATCH_1922,2026-08-24 14:13:30,41.33,3.85,58.05,68.07,22.94,46.44,309.96,93.09,89.5,66.85
BATCH_1923,2026-08-24 18:13:30,33.0,6.48,59.36,42.77,27.07,40.82,221.08,85.49,79.73,62.92
BATCH_1924,2026-08-24 22:13:30,51.95,10.15,60.92,69.75,22.24,22.48,533.93,93.25,95.67,61.78
BATCH_1925,2026-08-25 02:13:30,24.77,4.16,62.52,68.27,17.49,31.39,249.92,82.18,93.42,66.09
BATCH_1926,2026-08-25 06:13:30,34.41,1.0,58.84,94.21,17.76,46.72,361.04,80.34,85.94,58.59
BATCH_1927,2026-08-25 10:13:30,43.77,5.43,62.15,84.25,21.19,41.67,337.36,93.04,87.83,65.24
BATCH_1928,2026-08-25 14:13:30,55.66,8.2,75.78,51.41,13.55,51.81,520.97,84.4,66.36,46.95
BATCH_1929,2026-08-25 18:13:30,39.34,9.92,69.85,78.45,19.28,44.03,345.47,91.14,81.11,61.51
BATCH_1930,2026-08-25 22:13:30,34.45,3.54,68.69,88.43,25.48,30.33,371.05,91.09,83.7,61.66
BATCH_1931,2026-08-26 02:13:30,58.81,6.99,55.44,105.56,9.04,32.04,358.02,81.72,79.89,56.83
BATCH_1932,2026-08-26 06:13:30,25.52,5.07,51.11,92.75,27.67,41.03,344.31,86.6,81.83,60.02
BATCH_1933,2026-08-26 10:13:30,18.01,5.79,69.55,90.22,25.61,16.86,357.15,89.52,79.04,59.64
BATCH_1934,2026-08-26 14:13:30,44.4,11.29,68.76,76.2,17.7,56.73,377.71,79.94,87.54,58.51
BATCH_1935,2026-08-26 18:13:30,34.98,2.99,74.73,82.77,22.72,44.42,414.66,90.25,77.75,57.46
BATCH_1936,2026-08-26 22:13:30,29.79,6.51,53.96,99.99,20.02,52.27,390.06,96.68,77.64,60.82
BATCH_1937,2026-08-27 02:13:30,47.08,6.94,57.7,48.34,26.15,24.19,206.74,95.97,80.45,67.89
BATCH_1938,2026-08-27 06:13:30,42.44,8.17,43.61,68.01,24.91,52.45,267.58,89.85,78.88,62.75
BATCH_1939,2026-08-27 10:13:30,34.36,6.2,56.08,59.55,13.0,62.31,229.43,78.74,87.76,63.15
BATCH_1940,2026-08-27 14:13:30,27.2,6.62,69.97,82.58,22.94,26.79,345.22,92.03,81.61,62.07
BATCH_1941,2026-08-27 18:13:30,48.72,5.22,55.34,99.6,18.97,47.71,386.83,87.76,82.04,59.12
BATCH_1942,2026-08-27 22:13:30,46.5,6.54,66.4,63.06,20.41,40.01,317.47,92.78,86.94,65.45
BATCH_1943,2026-08-28 02:13:30,39.01,5.31,58.09,27.19,16.36,24.56,145.04,81.07,70.77,60.16
BATCH_1944,2026-08-28 06:13:30,58.47,7.24,63.24,66.76,28.74,44.93,316.71,86.41,93.57,65.58
BATCH_1945,2026-08-28 10:13:30,29.3,5.26,48.52,93.27,25.2,48.34,354.63,87.78,76.7,58.09
BATCH_1946,2026-08-28 14:13:30,24.74,6.75,60.85,85.75,16.3,33.99,684.54,89.92,91.94,53.84
BATCH_1947,2026-08-28 18:13:30,33.08,5.94,30.09,83.56,13.33,51.66,210.8,86.96,59.97,55.96
BATCH_1948,2026-08-28 22:13:30,39.54,8.25,58.13,69.4,18.07,23.33,249.7,91.65,92.39,69.48
BATCH_1949,2026-08-29 02:13:30,42.43,5.9,43.7,49.42,22.17,25.05,184.16,95.56,67.78,63.43
BATCH_1950,2026-08-29 06:13:30,37.59,2.45,72.06,85.31,21.2,41.37,376.32,87.53,76.56,57.2
BATCH_1951,2026-08-29 10:13:30,43.52,8.52,67.77,58.31,26.27,40.25,321.52,82.77,81.58,59.17
BATCH_1952,2026-08-29 14:13:30,27.48,4.19,64.67,118.68,23.95,32.83,438.42,89.21,70.22,53.22
BATCH_1953,2026-08-29 18:13:30,54.44,4.69,75.21,86.41,24.85,48.1,437.74,85.58,73.55,53.13
BATCH_1954,2026-08-29 22:13:30,39.18,4.81,50.51,63.39,21.63,45.31,243.12,94.37,83.06,67.06
BATCH_1955,2026-08-30 02:13:30,51.17,8.75,77.47,62.77,13.05,48.58,293.16,82.02,76.02,57.6
BATCH_1956,2026-08-30 06:13:30,43.43,1.73,69.32,73.14,19.02,38.77,335.64,86.98,86.16,62.2
BATCH_1957,2026-08-30 10:13:30,44.57,12.28,57.63,70.21,25.3,46.03,344.86,84.73,93.62,63.97
BATCH_1958,2026-08-30 14:13:30,45.7,8.11,71.36,97.34,19.74,35.54,466.27,90.81,73.09,54.07
BATCH_1959,2026-08-30 18:13:30,44.48,6.45,48.94,78.73,22.52,60.54,325.38,96.1,84.31,65.46
BATCH_1960,2026-08-30 22:13:30,46.43,5.89,51.75,60.37,18.41,31.87,243.11,87.56,82.65,64.17
BATCH_1961,2026-08-31 02:13:30,53.29,6.57,53.91,112.81,14.85,61.05,406.76,85.87,68.78,52.39
BATCH_1962,2026-08-31 06:13:30,41.97,7.04,54.71,75.99,19.38,40.35,488.38,95.05,95.1,63.82
BATCH_1963,2026-08-31 10:13:30,47.09,7.29,49.43,90.38,21.55,26.24,287.04,90.29,77.17,61.58
BATCH_1964,2026-08-31 14:13:30,39.1,7.11,72.23,62.84,16.72,53.68,321.22,90.14,79.39,61.25
BATCH_1965,2026-08-31 18:13:30,54.4,6.18,57.41,82.26,18.82,41.26,333.53,88.1,92.93,65.43
BATCH_1966,2026-08-31 22:13:30,33.24,5.61,63.53,81.22,15.3,48.51,325.31,86.37,92.29,64.76
BATCH_1967,2026-09-01 02:13:30,58.01,5.7,54.3,37.21,25.6,52.24,235.82,87.87,74.87,61.43
BATCH_1968,2026-09-01 06:13:30,39.6,5.61,41.79,115.31,18.53,43.38,324.17,87.23,55.86,50.57
BATCH_1969,2026-09-01 10:13:30,25.69,8.27,62.7,100.81,27.26,34.08,415.62,86.94,80.07,57.03
BATCH_1970,2026-09-01 14:13:30,41.28,7.19,40.88,67.06,27.64,49.76,251.74,96.22,71.14,62.74
BATCH_1971,2026-09-01 18:13:30,33.19,1.0,59.31,52.95,19.59,40.01,235.58,82.34,86.95,64.06
BATCH_1972,2026-09-01 22:13:30,48.41,7.31,46.32,81.95,14.96,46.86,298.74,83.12,81.08,59.88
BATCH_1973,2026-09-02 02:13:30,33.47,6.39,79.87,76.73,9.57,18.46,354.78,76.55,73.25,52.22
BATCH_1974,2026-09-02 06:13:30,35.54,5.96,69.11,82.11,12.64,44.47,366.73,80.55,80.19,56.18
BATCH_1975,2026-09-02 10:13:30,21.1,5.22,61.06,78.83,13.13,33.61,286.89,86.31,96.58,67.75
BATCH_1976,2026-09-02 14:13:30,35.48,8.25,72.64,85.12,26.89,56.53,453.34,90.33,79.53,56.89
BATCH_1977,2026-09-02 18:13:30,15.76,7.9,51.54,103.95,20.58,46.23,366.88,92.84,75.49,59.22
BATCH_1978,2026-09-02 22:13:30,24.16,4.45,65.43,86.36,21.95,42.4,691.92,91.6,87.78,52.59
BATCH_1979,2026-09-03 02:13:30,47.6,6.81,62.0,54.01,8.9,44.86,193.88,74.33,91.6,64.13
BATCH_1980,2026-09-03 06:13:30,47.86,4.06,62.64,102.25,14.01,30.02,358.09,80.56,81.4,56.97
BATCH_1981,2026-09-03 10:13:30,44.25,3.24,72.72,107.81,24.44,56.23,543.72,85.61,69.02,47.73
BATCH_1982,2026-09-03 14:13:30,30.33,4.75,67.32,138.04,21.43,59.91,578.43,92.59,61.91,46.5
BATCH_1983,2026-09-03 18:13:30,39.52,7.72,62.89,52.53,19.26,43.93,242.56,95.41,82.79,67.39
BATCH_1984,2026-09-03 22:13:30,39.96,7.91,43.45,79.86,22.82,55.9,276.74,99.9,78.88,66.46
BATCH_1985,2026-09-04 02:13:30,28.42,7.03,50.4,33.36,28.18,34.31,167.29,87.39,67.34,60.55
BATCH_1986,2026-09-04 06:13:30,55.03,7.45,58.77,86.06,18.89,32.03,307.8,91.92,89.06,66.28
BATCH_1987,2026-09-04 10:13:30,48.77,7.03,60.93,64.04,20.35,40.41,316.63,97.31,95.22,70.6
BATCH_1988,2026-09-04 14:13:30,37.79,4.72,48.7,113.47,20.96,44.35,369.22,96.74,69.27,58.21
BATCH_1989,2026-09-04 18:13:30,40.27,6.86,84.12,59.51,31.96,36.06,361.75,80.9,61.78,49.13
BATCH_1990,2026-09-04 22:13:30,42.08,7.6,75.16,41.22,9.5,45.38,219.26,78.85,61.61,53.08
BATCH_1991,2026-09-05 02:13:30,19.58,7.51,66.02,65.57,23.42,43.06,321.36,93.19,90.21,66.79
BATCH_1992,2026-09-05 06:13:30,37.53,8.38,60.72,35.49,19.43,30.02,187.35,85.79,77.57,63.32
BATCH_1993,2026-09-05 10:13:30,33.18,7.42,57.88,90.02,22.83,45.19,375.75,99.9,87.78,66.65
BATCH_1994,2026-09-05 14:13:30,29.98,6.7,50.48,33.7,16.71,48.64,155.61,91.57,71.04,64.11
BATCH_1995,2026-09-05 18:13:30,37.19,8.14,60.77,75.57,19.76,41.71,309.69,92.98,96.19,69.49
BATCH_1996,2026-09-05 22:13:30,57.98,5.95,62.58,33.44,23.56,51.53,242.27,89.19,73.38,61.14
BATCH_1997,2026-09-06 02:13:30,46.41,4.24,47.58,68.59,35.56,27.83,257.66,77.03,81.52,59.02
BATCH_1998,2026-09-06 06:13:30,34.29,5.67,63.34,107.87,24.04,44.68,444.62,86.48,76.05,54.25
BATCH_1999,2026-09-06 10:13:30,45.73,4.51,58.45,82.21,15.76,28.3,304.78,83.25,91.26,63.8
